text,label,prediction
ISG An update to our Feb 20th video review..if it closes below 495 much lower to come soon,0.0,0.0
The rodeo clown sent BK screaming into the SI weekly red zone...time to peel away before it turns...,0.0,0.0
", ES,SPY, Ground Hog Week, distribution at highs..",0.0,1.0
"ES, S  PAT TWO, update",0.0,0.0
PCN doulble top at key fib retracement weekly....time to exit ...,0.0,0.0
"also not very healthy, fell back below DT line after breaking it, SI weak, MACD turning down",0.0,1.0
thinking out loud. 50 mva sub 200 mva- done. Bottoming tails at 61.60 providing obvious stop. Catalyst higher? 29% short interest.,1.0,1.0
"\"RT @WSJheard: Canâ€™t get your hands on a Nintendo console to play the new version of \"\"Animal Crossing\"\"? You could always buy Nintendo stockâ€¦\"",1.0,1.0
"#ContrAlert Don't Panic: Wall Street Is Going Crazy For Student oans -- But It's Not a #Bubble -  SM",0.0,1.0
"#CoronavirusPandemic As bad as #China's economic dive is, the slump is even more perilous for the rest of #Asia.… https://t.co/PuRY8HSD1V",0.0,0.0
"#Gold prices slip below Rs 46,000 as #investors book profits amid #coronavirus-led #recession fears https://t.co/fSylAJrUqv",0.0,0.0
"#Sensex, #Nifty climb off day's highs, still up 2%; Key factors driving D-Street higher today https://t.co/jVQcousFp6",1.0,1.0
"#TCS #share price jumps 9% on no #layoffs, #dividend announcements; should you buy, sell or hold the stock https://t.co/ijDFJRDLOl",1.0,1.0
'Expensive' and 'Cheap' I dive a little deeper for you (new blog post)  nke aapl spy,1.0,1.0
".user BINGO.Can't consider it a buy (personally) until >470 AND VSB. ntil then, a waste of time trying to game it. AAP",0.0,1.0
2013 ooks Bright for .S. New Vehicle Sales - Blog Posts by Tom ibby | . . Polk F GM TM HMC,1.0,0.0
39.50 on HA is a big intraday level to play off today,1.0,1.0
A few names with a Dark Cloud Cover candle pattern: MHO Y SAFT FXS,0.0,0.0
A sharp drop in fuel consumption caused by the coronavirus pandemic and exacerbated by a feud between the worldâ€™s lâ€¦ https://t.co/19EeJFLdB6,0.0,0.0
A year end accounts payable increased 43% from 100million to 143million,0.0,0.0
"AA - China's buy into AA joint venture trumps weak aluminum demand and pricing  SPX, DJIA",1.0,1.0
AA - really liking the scale in entry here - limited downside nice upside,1.0,1.0
AAP  Just broke through a downward triangle coming off a massive head and shoulders.  This thing is toast.,0.0,0.0
AAP  The number one problem is that earnings expectations are way too high and the smart money knows this.,0.0,1.0
AAP - Korea Hot Stocks-G Display falls on talks of Apple order cut -,0.0,0.0
AAP - took down short exposure by 2/3,0.0,0.0
AAP ... I don't see any more than 1 up 3min candle in a row so far this am.,0.0,1.0
"AAP 10 min short won now longs have fully added in, look for a pop here with market,shakeout reset",1.0,1.0
AAP 20 minutes till Europe closes we will see if buyers :) over there or sellers :(,1.0,1.0
AAP 500 by Christmas or Co. news which ever comes first,1.0,1.0
AAP 900 lot offered in the eg Jan 500 Put at 1.71. -28 delta put could push the stock up or create support,1.0,0.0
AAP BC Capital lowered price target to 600 from 725.,1.0,1.0
AAP Bull Trap Here,0.0,0.0
"AAP Close above 20 MA, confirmation of 3/5 reversal day on high volume, rising A/D line, cup/handle breakout in momentum, Bill Gross likes",1.0,1.0
AAP Crack nder 480 !!!,0.0,0.0
AAP Flash Dump Begin ????,0.0,0.0
AAP Going to be interesting to see the pop and squeeze on Jan 23rd if we see a positive report.,1.0,0.0
AAP HOW DAE THEY ONY 38% Profit Margin on 50 BIION/yr!! and a huge bank balance..  Insanity waiting for FB100,1.0,1.0
AAP How an Internet-trained Apple analyst lost tens of millions of other peoples' money,0.0,0.0
"AAP I am still hoping for a big Split  shareholders meeting, bring in the value investors chase away the hedgies",1.0,1.0
AAP I imagine the bears jumping up and down on that 433.. got it down 0.25 in 30 minutes,1.0,0.0
AAP I told you before the after market :),0.0,1.0
AAP Next resistance trendline and then 463.. go aapl go..,1.0,0.0
AAP No kidding Terranova!,0.0,0.0
"AAP No pain and no gain, will stay above 500 (mostly) but not higher than 580 and go as low as 470",0.0,1.0
AAP On next pop if I'm out of other trades I will short for a quick trade.,0.0,0.0
AAP Oppenheimer reduced price target to 600 from 800.,1.0,0.0
AAP Sell sell sell,0.0,0.0
AAP Short,0.0,0.0
"AAP Study These easons Why Apple Failed, and Where It's Going  STDY",0.0,1.0
AAP Volume Fade fast !,0.0,0.0
AAP WEHAAAAAAAAAAA,1.0,0.0
AAP We will close this gap before the rally IMHO...,0.0,1.0
AAP Wow my god,0.0,1.0
AAP bad news keeps coming. They say when it rains it pours. Puts paying dividends. 420 damnit,0.0,0.0
AAP breaking support on heavy volume - sharing a few insights VIDEO,0.0,0.0
AAP clearing 435 will be very bullish for stock.,1.0,0.0
AAP don't be surprise if #apple go much lower #done and I mean much lower and done,0.0,0.0
AAP getting my attention. Showing some strength. Might actually jump in.,1.0,1.0
AAP has a herculean task ahead at 465,0.0,0.0
AAP hit resistance yesterday and continues to roll over - holding short currently,0.0,1.0
AAP hmm. I'm not saying a word. Fan boys/girls keep your hate to yourself.,0.0,0.0
AAP if any bulls bought next weeks 450's this morning 1 you are now +100% !!,1.0,1.0
AAP iphone watch like this..,1.0,0.0
"AAP is having a hard time at the moment with the 8dsma line, will continue to watch this one.",0.0,0.0
AAP just remember knees AND toes come after head and shoulders,0.0,0.0
AAP looks like maybe a fade then pump to close? oversold on 2min/ 5min,1.0,1.0
AAP need 465 to be taken & no looking back if this is for real,1.0,0.0
AAP never imagined aapl in dumps for so long BBY NOK,0.0,1.0
AAP nice to rally without a rumour,1.0,1.0
AAP no volume support at these levels until 420ish. Broadening top looks complete- we'll see,0.0,0.0
AAP obbers hit Apple Store in Paris.  Prefer to take merchendise over cash.  Bullish.,1.0,1.0
AAP over 451 could start an ankle grabbing session 0_o,1.0,1.0
AAP positive close above 530 today is bullish. I'll be looking for possible ONG set up.,1.0,1.0
AAP really looked like a B trap fri- to open.. Trade Strong,1.0,0.0
"AAP resistance near 500-bearish below 555, targets at 420 and 350",0.0,0.0
AAP seems pressured to fill the gap in the 430-431 area,0.0,1.0
AAP sharing a few thoughts Have a great weekend. POSTED VIDEO,0.0,0.0
AAP sharing where and why I added to short position yesterday VIDEO,0.0,0.0
"AAP short-term outlook. 3 possible scenarios, 2 of them are bullish",1.0,1.0
AAP so according to this article Apple has some work to do. Definitely sounds like they are a step ahead.,0.0,0.0
AAP starting to look better,1.0,1.0
AAP time to go batman,1.0,0.0
AAP volume higher today than monday. Keep that in mind.,1.0,1.0
AAP we knew these 440 calls purchased yesterday were the right move. AAP NEEDED to save their stock with a release like this temporarily,1.0,1.0
AAP weekly says that 350 is where there is some modicum of support. The game was over long time back.,0.0,0.0
"AAP working, taking some off here",1.0,1.0
AAP... you're going to have a tradable bounce on the heels of this post-triangle breakdown.,1.0,1.0
AC from watch list - volume did pick up and is now 139% of full day average -from 200-day bounce,1.0,1.0
AC tightening stop to 3.30 now,1.0,1.0
ACAD taking more off here,1.0,1.0
ACM trying to be a playa.,1.0,1.0
ACTG was a top pick for earnings  starting to breakout. ook for 27.50 soon.,1.0,1.0
ACX No negatives here.  Just an algo bringing it down.  Here's a chance to get stock cheap. BBH XV,1.0,0.0
AD Next buy point would be on the day it blows through 1.95 on heavy volume.,1.0,1.0
ADM #Food #Archer Daniels Midland #breakout!,1.0,1.0
AEE who says utilities are boring,1.0,0.0
AEG and DECK if anyone can find shares. Good Shorts imo.,0.0,1.0
AF daily kumo - ote: chikou circles (S/) and recent at kumo bottom. Flat kijun.,0.0,0.0
AF short (AP 52.50 puts) working on the highs this AM :) Stochastic crossover,0.0,0.0
"AFFX strong, no pos",1.0,1.0
"AFFY 30 just two months ago, intrinsic value in the IP and 400M in back tax losses.",1.0,1.0
"AFFY looking for a double like PX here, 75% shrs shorted just like PX.",1.0,1.0
AGCO been adding on pull backs. Great company not only large machinery but also serves hobby farms I expect a lot of growth couple of years,1.0,1.0
AIG  Going up in the premarket so somebody knows something I don't know.,1.0,1.0
AIG in 38.50 w Put  target around 37.90,0.0,1.0
AJ from watch list triggered a few cents yesterday and continues today - volume 41%,1.0,1.0
AMD bailed out at 2.70 dropped under 2.50 thought good but may rebuy in now as going to 3 with catalyst confirmation by end 2013 - 6.00,1.0,1.0
AMI taking more off 820,1.0,1.0
AMK a bear flag to keep an eye on for anyone interested in a short,0.0,0.0
AMZN GOOG and CM move higher as the NQ_F turns green,1.0,0.0
AMZN Has Post-Earnings eversal,0.0,1.0
AMZN but but but.....yap yap yap,1.0,0.0
"AMZN daily,I have added arrows to buy signals each day target still 263+ no doubt will get there.",1.0,1.0
AMZN going above 260. Should go near 300 if market behaves for a few weeks.,1.0,0.0
AMZN has momentum. Its a better buy than AAP or GOOG for now. Close above 270 might push it to 300 quickly.,1.0,1.0
AMZN is another free money trade for today. We will see where it lands today at the close.,1.0,1.0
AMZN remember holding 269.5 is very important for break out continuation. Watch it. I'm long and will add on break of yesterdays high.,1.0,0.0
AMZN- Bearish set up ahead of earnings. TCT members I will be writing a note this evening re: trade,0.0,0.0
"AN No serious resistance till 10.00, 10.17  Just getting started (likely)",1.0,1.0
AN breakout.,1.0,1.0
"AN ooks like that pullback entry worked, now lets see the action.",1.0,1.0
ANA Bought 8 mar calls on top of my long position,1.0,1.0
ANAD on 2.14 aunch Pad.,1.0,1.0
"ANIK long 14.59 / .61, nice consolidation period, waiting for its day, past resist 15.27, 15.52",1.0,1.0
ANY still not done?,1.0,1.0
AO ong Setup (ising 3-methods Candle Pattern):,1.0,1.0
AON eaches New 52-Week High. ong if beats 59.13. Stop loss 58.79,1.0,1.0
"APA good short and risk reward. As long as it stays under 75.50, it will be great.",0.0,0.0
"APC, I passed on that short, and it did do a 1 dollar roll.",0.0,0.0
APP Compare the squared areas. Aren't they look similar?,1.0,1.0
ASTX popping out of downtrend/mini wedge,1.0,1.0
ATICE & TADE SETP:  KO AN CNX,1.0,1.0
AVNW Over 3.78 then 3.89,1.0,1.0
AX  next stop 42.90!!!,0.0,1.0
AXA Here is my tip of the day. Buy now! You do not even have to sign up for a newsletter or anything O If I'm wrong I will eat crow :),1.0,1.0
AXA Over-Sold in Oscillating ange....indicators suggest buy price holds above prev close + increase in volume.,1.0,1.0
AXP new multi-yr highs,1.0,1.0
"Added long FTI  53. Stock is strong in weak tap, has  strong short-term news with new contracts.",1.0,1.0
Added more shares of ACTV,1.0,1.0
After-hour Most Advanced: OPT MAKO FOD GNMK JDS EGE AMN PX AAY DDD SV PM BKS F,1.0,1.0
"Air Deccan Ceases Operations, All Employees On ''Sabbatical Without Pay'' https://t.co/4GVDLoOJ97",0.0,0.0
Airline Industry Crisis Deepens As Coronavirus Pain Spreads https://t.co/KoSTQD85pH,0.0,0.0
"All banks, lending institutions may allow a three-month moratorium on all loans, says RBI chief Shaktikanta Das ami… https://t.co/FE1W5sbvm6",1.0,1.0
All of the above: gme Gamestop short targets  spy,0.0,0.0
Altriaâ€™s fraught investment in e-cigarette company Juul Labs will take even longer to redeem following a challengeâ€¦ https://t.co/AN7j1yYOe9,0.0,0.0
American Apparel APP presents at 11:05,1.0,1.0
Analyst price targets and earnings targets coming down---EXACTY what you want to see prior AAP reporting.,1.0,0.0
Appleâ€™s new iPhone SE offers a cheaper entry into the ecosystem that the company needs to grow. https://t.co/1uB2tpY4ng,1.0,1.0
"As job losses ricochet across the U.S., Europe is conducting an unprecedented experiment in navigating the economicâ€¦ https://t.co/5MhMo45HbG",0.0,0.0
"As the coronavirus pandemic intensifies, adherents of the Financial Independence, Retire Early movement are doublinâ€¦ https://t.co/klzYRO889R",0.0,1.0
B bearish,0.0,0.0
BA SHOT 130  75.25,0.0,0.0
BAC 11.75 to 11.80 today IMHO,1.0,1.0
BAC Back run down to 11.75 area to consolidate.. Sell Off &  Profit Take !,0.0,1.0
BAC Big Boys come In Buying arge Block !!!!,1.0,0.0
BAC Consolidation in progress... 33% Done... ;-),1.0,1.0
"BAC December 2012 was a solid channel up, with two bull flags. January 2013 is seeing a solid channel down form. Bear flag #2 in formation",0.0,1.0
BAC Fiscal Cliff talk by President Tonight = Ouch !!!,0.0,0.0
BAC It is the effect of WFC... so it SHOD be over in half-hour... I'm moderately Bullish,0.0,1.0
BAC It's will be healty to consolidate few day around 11.75 before going to 13.00 !!!,0.0,0.0
BAC New High Of Day :),1.0,1.0
BAC New OD !,0.0,0.0
"BAC No selling Target, Will sellwillit stop to move up. Will Just raise my Stop Step by Step till it will be triggered !",1.0,1.0
BAC Obama is slowing the rally... Ouch !,0.0,0.0
BAC Oupss !!!Sooner than expected.. that's what's alerts are for...,1.0,1.0
"BAC Out  12.82 Not being Greedy, Will wait for a pullback or another day to reenter.",1.0,1.0
BAC Overall Market is digesting yan Budget !,1.0,1.0
BAC Today on Weekly OPEX should  pin around 11.35-11.50 & next week going higher as  we approach March 7th StressTest IMO.,1.0,1.0
BAC WFC in the hole finally.,0.0,1.0
BAC Will go to 12 imho,0.0,1.0
BAC accumulated more May 12 calls today.  ooking for a move to the upside leading into Thursday.,1.0,1.0
BAC daily triple bottom? ;) Bullish unless loses support (then short it),1.0,0.0
"BAC fully engaged within a secondary reaction off of its 12.43 high on 1/07, and points to 10.80/50 target zone",0.0,1.0
BAC going above resistance with some really HEAVY volume today. Should be in everyone's radar.,1.0,0.0
BAC is like watching a plant grow ;-) But my DO.to position is up 2.75% today !!!   :),1.0,1.0
BAC oad oad oad the Boat!,1.0,1.0
BAC oad this mini Pullback!,1.0,1.0
BAC ot of buying on last minute !!!,1.0,1.0
BAC since the earnings did not seem to impact the price a break over 12 is in the cards.  Good longterm hold.,1.0,1.0
BAC sitting tight on BAC calls!,1.0,1.0
BAC up trending doesn't appear to slow down as of yet. It's prudent to take some profit at time.,1.0,1.0
BAC user Hope for a consolidation at this level if it drop it will stop to 11 support. Nxt 4-5 day s to come back to12 IMHO.,1.0,1.0
"BAC when she loses the 50 day, the whole market goes imo...",0.0,1.0
"BBY trying some short here, high of day stop",0.0,1.0
"BI: QIK wins on functionality, loses on cost/service. 2 Q's of deferred rev declines + back-end loaded estimates = tough bar for 4Q (7/7)",0.0,0.0
BID just like ZNGA in Dec at 2.00 got destroyed BID the smart money will start buying now here 80 - 85 range and sell it back over 100,1.0,1.0
BIOS taking some off here,1.0,1.0
BJI Over 35.53 if good volume,1.0,1.0
BTO AMZN Feb 16 210 puts for 1. olling the dice!,0.0,0.0
BVSN 11.07 ai ai ai.,0.0,0.0
BVSN cracking in my book.,0.0,1.0
"BVSN on the fence, if it goes under, it will be a nice short. with a 1 dollar roll possibility. Target 9.30.",0.0,1.0
"BYD already made a big move but flagging well here, may be worth a shot long over 8.16",1.0,1.0
BYD gearing up for another leg higher,1.0,1.0
BYD hopefully VS beat will help this stuck stock move on up.,1.0,1.0
"BYD horrible quarter, pretty much declines across the board.  Borgata was expected, but other locations saw declining revs & EBITDA",0.0,0.0
BYD moving up on big down day,1.0,1.0
BYD possible bounce zone,1.0,1.0
"BYD triggered, 8.10 stop, 8.25 1st tgt",1.0,1.0
Back in BK long. Nice reaction to earnings. This has the makings of a runaway/measuring type gap.,1.0,1.0
"Back in on the short side of COG, hedging my other nat gas plays XCO, COG trading at 10x+ sales 6.37 book. CHK 1.09X, 1.08X respectively",0.0,0.0
Banks Shelve Fundraising As Coronavirus Derails Markets: Report https://t.co/xZdFkil2D2,0.0,0.0
"Banks, ATMs To Remain Open: Nirmala Sitharaman Denies Report Lenders Plan To Shut Most Branches https://t.co/Sj1Bakrw6N",1.0,0.0
"Based on historical research about GS upgrades/downgrades, K is a short right now after being upgraded from Sell to Neutral. Sell signal.",0.0,0.0
Bookmark arry Page on why Moonshots matter ...must be why options markets exist :)  goog,1.0,1.0
Bot EC at 2.65,1.0,1.0
"Both MA and V should be on everyone's watch list, should show direction some time this week, break range and resolve its current pattern!",1.0,0.0
"Buying V on any and all pullbacks.  Doubled since IPO, expecting another double sooner than later",1.0,1.0
"Buyout volume, already sluggish before the virus, has come to a virtual standstill, and any hope of selling investmâ€¦ https://t.co/ptKObwMktW",0.0,1.0
"CAT really moving well here, come on 92!",1.0,1.0
CAT short idea,0.0,0.0
"CBK long 6.22, wants back top of range 6.60's ?, hammer off 50sma & 01/31 low, light vol inside day",1.0,1.0
CBMX long 4.90 -4.95 play thru 5.00 again,1.0,1.0
"CBMX nice flag here, could have another leg to 4.90-5",1.0,1.0
CBOE the decreasing volume that slight red bar indicates after 19 straight up days it's time to switch to red bars and take some profits,0.0,0.0
CECO breaks above its downtrend / triangle pattern.,1.0,0.0
CEE - user out did himself overbought 60 now,1.0,1.0
CEE Over 35.12,1.0,1.0
CEE hit fib level 51.80.,0.0,0.0
CEE mother faacker.,0.0,1.0
CEE short entry here 44.36,0.0,0.0
CEN breaking out,1.0,1.0
"CEN hitting resistance near 84 again today, IMO, when it breaks it, will be a big run to new highs",1.0,1.0
CEN price action looking good going into earnings tonight,1.0,1.0
CF taking some off here close to 19150,1.0,1.0
CHK thanks JPM upgraded,1.0,0.0
CI - you don't see a spike like that one huge green bar without some sort of continuation - somebody knows someting,1.0,0.0
CIE COX CMG getting smacked off the open,0.0,1.0
CIE Seems geady to go South,0.0,0.0
CJES C&J Energy: ook For The pward Trend to continue,1.0,1.0
CM insider sells 1M worth of stock every week,0.0,1.0
CMCSA Will gap open higher; No idea where 2 enter. Would love 2 get in at 40.28 but may not get it.,1.0,1.0
"CMG > keep these levels in mind: bounce to 284-288, followed by down leg to 238, a bounce to 254, and down leg to 212 / 202.",0.0,1.0
COH defended the 50.50-50.60 area a few times.,0.0,0.0
"COMPQ DJIA SPX COST YM SCA - Wall Street retreats candles. The Dow Jones dismisses the 14,400 points",0.0,1.0
COMPQ SPX AAP FB BAC GD SV 5 Characteristics of a successful trader,1.0,1.0
COMPQ SPx AAP C CSCO GM - Wall Street: Futures in red before jobs data,0.0,0.0
COST looking to go higher.,1.0,1.0
COVID-19 To Impact Economic Activity Directly Due To Lockdowns: RBI https://t.co/o9a1NYqTiU,0.0,1.0
CS looking to make a move over 29 looking gd. I don't trade into earnings but to do after :) down from 31 just last wk. & off b/c AAP,1.0,1.0
CS nice move above the 50 and 200 DMA. Nice base structure on a daily/weekly pattern.,1.0,1.0
"CS weekly (tied heavily to AAP but, absent that catalyst, this pattern persists):",0.0,0.0
CSC moving stop up again,1.0,1.0
CSN Buying more!,1.0,1.0
CSPI buying in new nano cap folio.,1.0,1.0
CST - 150% avg daily volume. ooks good for higher. Next resistance is gapfill.,1.0,1.0
CST as we close in on hod this one should get perky MY GESS WE COSE OVE 50day maybe even up on the day #TIMESTAMP goin out on a limb,1.0,1.0
CST bot 51.40 I will hv to be patient IMO CST moving in right direction. Don't underestimate loss of Sat Mail too. 250mil buyback 10 p/e,1.0,1.0
CST mentioned this level building base here over 48 next stop 49 repeats over that. ADDE P intraday to over 50day watch 50.13 HIT TODAY,1.0,1.0
CTIC looking to scale back into a long Monday hoping for sub 1.30 stock,1.0,1.0
CTXS (conservative swing) once again bouncing nicely off support (w/volume)  MCP (aggressive swing) however strong probability.,1.0,1.0
"CVX  i think there's a good point to enter one second trade as sell. Since has testing one broken support, now resistance.",0.0,1.0
"CXW this stock is so underowned and played, nice breakout setting up here",1.0,1.0
"Can you say no brainier? ong SBAC stock, 60/80 Feb collar for protection...",1.0,1.0
"Check out list of top performers since AAP peak, from user - Dogs like FS DE? +80% in NFX? Please.",0.0,1.0
"China's natural gas drive may cut oil demand by a tenth, euters :   NG NG_F XCO CHK ECA SD COG KWK P SO",1.0,1.0
Chinaâ€™s burgeoning market for bonds backed by mortgages and car loans is facing its first major test https://t.co/ywHrzgBm6r,0.0,1.0
Cognizant Withdraws 2020 Forecast On Coronavirus Uncertainty https://t.co/okSuLypeuh,0.0,0.0
Come on CAT do the Harlem Shake.,0.0,0.0
"Coronavirus Has 'Drastically Altered' India Growth Outlook, Says RBI Amid Lockdown https://t.co/WYWkoIzUKf",0.0,0.0
Coronavirus Scare: Global Markets Suffer Record Meltdown As Global Virus Alarm Grows https://t.co/dm2QDiuJZz,0.0,0.0
Coronavirus pandemic prompts Xerox to walk away from its more than $30 billion takeover bid for HP https://t.co/qEdB9KEo4J,0.0,0.0
Could this false breakout on BAC take us down to 11 ?,0.0,0.0
"Covering 1/2 WAC short 47.15, looking lower but got to book some...",0.0,0.0
Crude Oil Price Jump By $1 A Barrel Amid Volatility https://t.co/V3wZIlLidr,1.0,1.0
D pays a nice dividend tomorrow and holding up well. Would like to see it close above 10 longer term looks good to 14 imho,1.0,1.0
"DAKT short 9.88 / 100sma break, ideal flat/trendless/red spy, will trade relative weakness",0.0,0.0
"DCTH better volume now, 1st tgt 1.75",1.0,1.0
DDD IMO The 3D Sector will pay off SH andT CIMT ONVO DASTY PCP SSYS ADSK and NANO TEC will be Next gen of AAP and GOOG stock,1.0,1.0
DDD SSY Stops honored.  So be it. Now.... must.not.become.bearshitter.,0.0,1.0
DDD SSYS XONE and nice entry to dip toe into CIMT 9 beat the street in everyway Much potential  : NGT FCX CO nice entry IMO : VXX,1.0,1.0
DDD bear flag worked very well there...broke and went to 60.55....quick money....,0.0,1.0
"DDD consolidating the strong move from previous days between 55 and 60, next buy point above 60 on volume (holding).",1.0,1.0
DDD let's see if we can break through 36.50 and hold today - former resistance level,1.0,1.0
DDD needs to clear 35.80 and get up to 38 or else we're gonna get short term chop!,1.0,0.0
DDD shows support at 30 good buy along with XONE PCP PB DASTY ONVO CIMT which mentioned yesterday was nice entry 3D imaging=Future,1.0,1.0
DDD this is why trend matters.,0.0,0.0
DDD up 3% premarket... I wonder who just bought those shares off me at 37.50....,1.0,1.0
DDD wow - nice swing if you caught the bottom pre market,1.0,1.0
DE anybody really expect a bid from BX especially much over the current price? Still sounds like a bunch of noise.,0.0,0.0
DE considering buying some put options...,0.0,1.0
DE continues to make new highs since breaking out on 1/2,1.0,1.0
DE higher bid offering coming? look at all the recent action on the April 14 calls per Najarian? PPS above 13.50 here???,1.0,1.0
DG Dollar General Option Trader buys 10K Calls betting 1.85 million on up move by April,1.0,0.0
DGI still moving,1.0,1.0
DGIT long for 10 crack at 9.97,1.0,1.0
DKS round 2 tomorrow imo.,0.0,1.0
DN looking for a move over 10.60,1.0,1.0
DNDN Beast mode today,1.0,1.0
DNDN has broken through the clear 5.5 resistanc level on heavy volume & could be headed much higher,1.0,0.0
"DNDN waking up, almost GO TIME here!",1.0,1.0
DNKN slightly above resistance,1.0,1.0
DPZ looks ready to break out for the next leg up,1.0,1.0
"DPZ nice intraday upward reversal adding to the bull flag, keep on watch for move over 46",1.0,1.0
DTK CAY OC PFE MK TX BAC BIB from STEM JAZZ ONCY KEX XOMA etc and IMO a great pick SH and ong Term ONVO has potential,1.0,1.0
Darn it we missed BSFT short.,0.0,0.0
Does help clear up my desk clutter just a little  AAP,1.0,1.0
Don't get me wrong buying into earnings was a mistake  what I read over 2billion in evenues nothing to scuff  CST,1.0,0.0
"Don't look now, but INT is clearing all-time highs. 10th time is the charm",1.0,1.0
Don't shoot the mailman Point & Figure target AAP NDX QQQ Sorry #APPE Heads,0.0,0.0
EA if price doesn't hold above 9SMA then 16.71 is the next support.,1.0,1.0
EAT lod,0.0,1.0
EBAY Green... hope you were buying at 51 with me this morning.,1.0,1.0
EC Breakout Imminent.,1.0,1.0
EN SHOT 250  41.70,0.0,0.0
"ENOC 17.60ish my final tgt, 1715 stop",1.0,1.0
EOG PXD OAS #energyswag,1.0,0.0
"EPS still think there is a better than 50% chance it tags 8, but moving stop on rest to 7.35",1.0,1.0
"EQIX No position, would like to see a breakout over 216.50. Prefer more consolidation though",1.0,1.0
ES SPX SPY star on 4hour,0.0,0.0
"ES,TF,YM,SPY,IWM,DIA, Hurricane FAGS are P!   Another warning lite...",0.0,0.0
"ES_F Bernanke sees spring slump? Will he blame 25% SPY crash on Italy?Are they hooking plows to vespa scooters,instead of CAT tractors?",0.0,0.0
ES_F Hedges rotating into Junk stocks like Solars and squeezing them FS SPW - Sign of End of QE Inflation ally?,0.0,0.0
ES_F Vivid bearish volume histogram divergence in XHB home sector-( TO EN PHM ),0.0,0.0
"ETN looks solid right now to continue higher over 63.50. Building CCI and MACD. Tgt 65, 68 user",1.0,1.0
EV Amazed how an 18% gainer gets no ST recognition. Guess that goes along with only having 15 followers. #undertheradar,1.0,1.0
EVC user missyaubaby  I'm short from ytd and today.,0.0,1.0
EW Went long on EW at 93.15. ooks like it is ready to make a move to 98 w/breakout of consolidation,1.0,1.0
"EXAS nice pattern, maybe trying to break out of this handle or wedge",1.0,1.0
"EXPE not looking too good after breaking the uptrend, watch your fib retracements on the way down",0.0,1.0
"Enough Stock Of Petrol, Diesel, LPG Available To Last Lockdown, Says Indian Oil https://t.co/JnKrw5vY4Q",1.0,1.0
"Equity Alpha: INFA is our fav short opp. No growth this year, high valuation. Short under 34.50",0.0,0.0
Estimates to move lower for SAFM after EPS and a trend line break likely today with support at 47,0.0,0.0
"Even as a loan program for small businesses weakened by the coronavirus pandemic expands, the first applicants stilâ€¦ https://t.co/loiAEnfegp",0.0,0.0
Everyday I have a great Hangouts experience and business use case... goog,1.0,1.0
"Exact reason why ETFs are safer than individual stocks, News Kills a stock - Trade KO Not CF",1.0,1.0
"F - potential short on bounce OHead resistance at Kirby. Stochastic OB, SI and huge volume exit.",0.0,1.0
F Over 7.88,1.0,1.0
"F, GM, slammed by consumer reports Auto  TM, tops again",0.0,0.0
FAN just keeps on giving,0.0,1.0
"FAZ about to Explode, Get eady, BAC just broke under the 50 day!",0.0,0.0
FCE triggered Tues gapped Wed so today IMO do not have to think - you just take profits,1.0,1.0
FCFS easy look at last 4 Q's income data:,1.0,1.0
"FDO spread buying Jul 57.50C 5,400 times at 2.90 selling the Jul 52.50P 5,400 times at 2.20. Both against much lower open interest",1.0,1.0
"FE - looks like it fired a sell signal Friday, may trade this short on tick below Friday low - have to do more work on utilities later...",0.0,0.0
FEIC is approaching new all-time highs,1.0,1.0
"FIO 15.35 I'm in, I'll ride this one a while, overdone IMHO",1.0,1.0
"FIO Turner Investments and Calamos Advisors purchases in the current quarter at 7.2M shares, 9.32% of it. Blackrock doubled position at 8%",1.0,1.0
FIO azard Capital upgraded Fusion-io to Buy from Neutral with a 23 price,1.0,1.0
"FIO ioSCale announced today at Open Compute Summit for hyperscale & spinning disk replacement, another game changer",1.0,1.0
FIO: Insightful analysis on how Fusion-io is avoiding commoditization (via user):,1.0,1.0
FNS long a bit,1.0,1.0
"FOD should see a solid move up tom, system predict nice green candle.",1.0,1.0
FOS worth eyeing - earnings coming out so could move either way,1.0,1.0
FS  Over 158.00 or 158.63,1.0,1.0
FS - daily,1.0,1.0
FS 4 hour - nice bounce ichard.,1.0,1.0
FS daily few like the long call on this one but after chaos and mini sell we got oversold PWmo2!,1.0,1.0
FS intraday break !!,1.0,1.0
"FYI 4/20 165C's -Avg px 0.93 user: ong V for trade at 161.20, hope you have been watching this channel.",1.0,1.0
Factory Activity Growth Hits 4-Month Low Amid Coronavirus Crisis: Survey https://t.co/zAVJljFHSw,0.0,0.0
"Financials XF have been driving this mkt higher, today they are weak-ish (except for JPM) for 1st time in while, little red flag 1...",0.0,1.0
"Fitch Sees India GDP Growth In FY21 At 2%, Slowest Since Economic Reforms htps://t.co/nH9RGCKb8s",0.0,0.0
"Flipkart Resumes Operations, Amazon In Talks With Government https://t.co/w0XXuZgSRJ",1.0,1.0
"For many small investors, their inability to cash out shares in nontraded REITs couldnâ€™t come at a worse time. https://t.co/D1JJFO554f",0.0,0.0
For the past 10 years  has booked an avg return: 6.6% from Jan to Mar option expiration. Posting positive returns for 8 of past 10 years,1.0,0.0
For the past 8 years GOOG booked an avg return of -6.5% during Jan to Mar option expiration. It has posted positive returns for 2/8 years,0.0,0.0
Foreigners Turn Net Sellers Of Asian Bonds In February On Coronavirus Fears https://t.co/aXHxvTUTb0,0.0,0.0
Four Bearish Canaries In the Bullish Coal Mine  AAP TIP KOS SPY,0.0,0.0
GAE 2.11+ selling from daytrade & swing trades played from 1.85 to break 2.00 - it sure did thanks GAE,1.0,1.0
GD SV as mentioned a few days ago GOD stocks oversold IMO GDX GDXJ GDX JAG .50 GP AY ABX FCX The royalties TX SW GD,1.0,1.0
GDI TECHNICA TADES WATCH IST tonight. These 20 stocks have the good characteristics with the market being strong.,1.0,1.0
GDP from watch list 20 crossed above 50-day and near line with volume of 27% ave,1.0,0.0
GEO Over 35.60 but it will need good volume,1.0,1.0
GES There's only one reason why a company would move their Earnings date,0.0,1.0
GEVO 2.25 Target Short un Price Action.,1.0,0.0
GEVO Broke out of a bull flag pattern to the upside today & the move was accompanied by high volume,1.0,1.0
GEVO Watch for a break above 2.08 to test the recent highs at 2.43,1.0,1.0
GEVO still holding for breakout !!,1.0,1.0
GEVO uptrending from double bottom; 50 DMA crossing 200 DMA. Asc T/ = 20 DMA. Stop under 2.25,1.0,1.0
"GID still acting well, 46.20 stop on rest",1.0,1.0
"GMC really like how this one continues to hold up so well, volume on the up days",1.0,1.0
GME big volume coming in,1.0,1.0
GME over 23.40 here looks good to go,1.0,1.0
GMX -10% ouch,0.0,0.0
GMX close to the fence.,0.0,0.0
"GNC - nice inverse head and shoulders, as well as a nice pullback to support from the previous box-breakout",1.0,1.0
GNW expecting this consolidation flag to resolve soon:,1.0,1.0
GOOG  is getting fueled by AAP's reversal.,1.0,1.0
GOOG 1000 PT coming soon!,1.0,1.0
GOOG Glass is coool,1.0,1.0
GOOG Nice jump!,1.0,1.0
"GOOG in the 795 puts for .55, AAP is Crashing!",0.0,0.0
GOOG is hitting its head on the up trend line it broke I like 755 puts GOOG130201P755 at 2.60,0.0,0.0
GOOG is the best. chrome on IOS it better that safari. goog innovation is far better.,1.0,1.0
GOOG it's acting really good despite the choppy tape.,1.0,1.0
"GOOG just like we said 7hours ago, it is national GOOG puts week. Easy +50% option scalps. NFX puts here we go..weeee!",0.0,0.0
GOOG lower trendline adjusted,1.0,0.0
GOOG may roll over here,0.0,1.0
GOOG sold 1/2 of long position,1.0,1.0
GOOG stopped out of half --,1.0,1.0
GOOG tightening stop on rest - 803.2,0.0,1.0
"GOOG, I like it with a close above 744.96",1.0,1.0
GPN is breaking out !! Tiger Global aised Stake in Groupon from 1.3M Shares to 65M Shares,1.0,1.0
GS 140-142 feels about right to enter swing position.,1.0,1.0
GS at the 50MA and lower trendline I'd like it long. Too many traders like it short right now. ;),0.0,0.0
GS ippin' good today,1.0,1.0
GS with Fibs & next res pts at 160.69 and 166.06,1.0,1.0
GTAT Holding 50SMA. ooks like the stock could try and take a trip to 3.62 if volume comes in.,1.0,1.0
GV of new buys this was the largest % gainer today - also was a fav as it was a pullback reversal,1.0,1.0
"Gap-Down Opening Likely For Sensex, Nifty Amid Coronavirus Crisis https://t.co/AiFWj2Q5q0",0.0,0.0
"Gap-Up Opening Likely For Sensex, Nifty Today https://t.co/FTjaOdNnXV",1.0,1.0
Glade I'm fully hedged and then some with MCP 7 puts for this friday. I think I'll just settle and be done with this trade,0.0,1.0
"Global oil demand will drop by 6.8 million barrels a day in 2020, with the sharpest contraction coming in April amiâ€¦ https://t.co/uqvTCl0bqm",0.0,0.0
"Global stocks waver, while oil markets are buoyed by optimism that major crude producers including Russia may agreeâ€¦ https://t.co/PBDpkHgMcQ",1.0,1.0
Gold Imports Slump 73% In March To Lowest In Over 6 Years: Report https://t.co/FK0QiSOT9D,0.0,1.0
Gold Prices Subdued On Firm Dollar Ahead Of US Data Amid Coronavirus Crisis https://t.co/lCyGzdnX4u,0.0,0.0
Government To Borrow More Aggressively In April-September Than Expected https://t.co/cBv5yI8Djb,0.0,1.0
"Government, RBI Try To Cushion An Economy In Slump Even Before COVID-19 https://t.co/RqiEYHTYOV",0.0,0.0
Great article on an AAP  10:1 Split that I have been pitching all year!,1.0,1.0
"Green Daily Triangle on MNK,....Net Profit  9,587.50 (5.32%)",1.0,0.0
"Green Daily Triangle on TC,.....Open ong at 3.37",1.0,1.0
"Green Weekly & Monthly Triangle on ESSX,.....Net Profit  18,664.75 (6.81%)",1.0,0.0
"Green Weekly & Monthly Triangle on FWS,....pdating to Monthly",0.0,0.0
"Green Weekly & Monthly Triangle on ISIS,....Sell Short at 14.14",0.0,0.0
"Green Weekly Triangle on AMPE,....Net Profit  22,293.00 (18.42%)",1.0,0.0
"Green Weekly Triangle on FNFG,....Scaling at 8.22",0.0,0.0
"Green Weekly Triangle on FNFG,....pdating, check blog:",0.0,0.0
"Green Weekly Triangle on GPN,...pdating",0.0,0.0
"Green Weekly Triangle on HEO,....Net Profit  30,990.00 (3.08%)",0.0,0.0
"Green Weekly Triangle on HEO,....pdating",0.0,0.0
"Green Weekly Triangle on KTOS,....pdating",0.0,0.0
"Green Weekly Triangle on PBY,....Scaling p",0.0,0.0
"Green Weekly Triangle on PBY,....pdating",0.0,0.0
"Green Weekly Triangle on SHO,....pdating and Scaling Down",0.0,0.0
Growth May Slip Into Negative In Q1: Ex-RBI Governor C Rangarajan On Lockdown https://t.co/FYfJoMbgSm,0.0,1.0
H Closed below daily T.,0.0,1.0
H broke support today and may drop out of the channel tomorrow... if it does watch out.,0.0,0.0
HA  Over 41.25,1.0,1.0
"HA EPS estimates being slashed as squeezed stock crash lands, looking for low 5's",0.0,1.0
HA from morning follow up - best new mover from watch list today with volume of 145% ave full day,1.0,1.0
"HAO b/out 7.20, price was rejected at 7.19 today, also high on 12/21",1.0,0.0
HB H& Block makes bets on 11%+ up move by April,1.0,0.0
HBAN breakout today,1.0,1.0
"HCA still a picture of perfect health, up six days straight, nice trend",1.0,1.0
HD breaking and holding above 70 for new all-time highs,1.0,1.0
HD there is a nice entry at 67 which I will look out for. Not a stock to short. No position for now.,1.0,1.0
HF entry 18.34 stop 17.55,1.0,1.0
HG is breaking out ahead of an expected earnings beat,1.0,1.0
HN breakout...but 3rd day up so look for pullback to enter long.,1.0,1.0
HN over 18 again doing above avg volume,1.0,1.0
HNZ Another American Institution sold to foreign interests as SA is gutted. Buffett has 0 management power over 3G.,0.0,0.0
"HPQ oad every dip, everyone wants in!",1.0,1.0
HPQ ook at that Volume too! Very Nice! 16.50 Calls Do it!,1.0,1.0
HS watch for a possible bounce around 45.65. pic.twitter.com/adwJrD75NE,1.0,1.0
HSA It always comes Back.....,1.0,1.0
HSNI has missed the expectations: 4Q2012 EPS diluted is 1 vs 1.04 consensus vs 1.06 whisper,0.0,1.0
"HTZ another break to new highs with follow-thru, nothing bearish in any of these, follow the trend",1.0,0.0
HTZ some divergence creeping in intraday (not shown) so may tap on brakes here but long-term solid,1.0,1.0
"Heard on the Street: Aircraft values have plummeted since the start of the Covid-19 crisis, but likely have much fuâ€¦ https://t.co/CzcZD5rV0c",0.0,0.0
"Heard on the Street: Bailout is probably the best aid package that airline investors could hope for, but it doesnâ€™tâ€¦ https://t.co/SSXOdZWbr0",1.0,1.0
Heard on the Street: Donâ€™t be fooled by improving Chinese exports https://t.co/0q5v6bc5Wl,1.0,0.0
Heard on the Street: Fiat Chrysler-Peugeot is one of many big mergers now offering investors the prospect of huge bâ€¦ https://t.co/X0cPiXHduu,1.0,0.0
Heard on the Street: Investors are right to be nervous about the insurance sector https://t.co/YnMR7Aorrt,0.0,0.0
Hedge fund manager Chris Hansen started getting worried about the coronavirus in January. Now heâ€™s up 36%. https://t.co/HO2K3h4RQm,0.0,1.0
Hindustan Unilever Market Value Tops Rs 5 Lakh Crore For First Time https://t.co/TzNyxgWcJM,1.0,1.0
"Historically bad U.S. retail and industrial data for March mean April will be worse, digging a deep hole for the ecâ€¦ https://t.co/1ymzmELEyR",0.0,0.0
"Historically with the amount of options, AAP 's ow day is Friday, and high day is Tuesday FYI, the non sell off today missed the pin430",1.0,1.0
Hot osers FNS TSX INTC AMN JDS,0.0,0.0
Huston we have a GEEN AAP,1.0,0.0
"I am short 4,750 ATB and outright short 5,000  38.30 AIG , failed at trend line, stop at 38.40",0.0,0.0
I don't care what anybody says. NFX may have a little earnings boost and I stopped out but the MACD divergence is there! Will short again.,0.0,1.0
"I get devices shtick, but still don't think DE deal helps MSFT at all in short- or medium-term.   via user",0.0,1.0
I have a feeling the last 10 minutes of today's close are going to be interesting for NX.,1.0,0.0
"I have no position in GMX, I just pointed out that under 3.98 it would be a nice short. With a 3.15 target.",0.0,0.0
"I think it's obvious that Valero VO has more room to run, but I certainly like HFC a lot more. Compare their P/E and revenue growth.",1.0,1.0
"I was looking at CS for a potential bounce play w/ AAP earnings, but imo AAP won't do 13 eps even if it does guidance will be key",0.0,1.0
I will short ASNA once it fails 19.07. Gonna be worth the wait.,0.0,0.0
I will short ASNA under 18.35.,0.0,0.0
I will short FDX under 96.85.,0.0,0.0
"I will swing WFC, ATI, and FCX Short.",0.0,0.0
I wonder how much an AAP move up would break the bear's backs? We know the bulls will hold to 400,1.0,1.0
"I'm not short, but if I was going to put a trade on, it would be a short from 530 back to the 50d MA",0.0,0.0
IBM and GOOG adding to gains in regular trading hours. I like them both but I prefer GOOG above 745.,1.0,1.0
"IBM trading below the box (also50EMA.. if the bottom of the box resistance holds, further downside.",0.0,1.0
IBT - volume lower than today and red brings this back to 21.50 from 23.06 or higher,0.0,0.0
IDCC Breakout on either side on closing basis may give good direction. 50SMA acting as support,1.0,1.0
IDTI like it over 7.41-42,1.0,1.0
IFE is a short if it can't hold this 62.30 level.,0.0,0.0
IMM from watch list gapped a bit over line to 20-day MA with good volume of 15% ave full day,1.0,1.0
INFI from watch list gapped over line - vol just 5% of ave full day - watching,1.0,1.0
INFI from watch list gapped to over line today on vol so far of 16% full day average,1.0,1.0
INFN  Over 7.20,1.0,1.0
INFN at 7,1.0,1.0
INO Some perspective:,1.0,1.0
INT #1 on SMB adar weak today,0.0,1.0
INTC Anyone have any thoughts on how late algo trading and option OI will affect the stock price tomorrow? My guess 20.50 to 21.50 at close,1.0,0.0
INVN huge accumulation with no selling since July low. Starting to form right side of deep long consolidation pattern. On watch.,1.0,1.0
INVN last one...watch for the breakout...good luck today,1.0,1.0
INVN nice follow through day with great volume again.,1.0,1.0
IPX  Over 22.15,1.0,1.0
ISG Decent amount of Vol. behind this bounce. One day does not make a trend. Holding Short,0.0,1.0
ISIS another leg higher,1.0,1.0
ISIS looking for 16.30-35 next tgt,1.0,1.0
"If AAP goes to over 451, I will go short. Still weak stock.",0.0,0.0
"In areas where tanker-ship storage for oil isnâ€™t readily available, producers could need to go to extremes to get râ€¦ https://t.co/secHR2Pscn",0.0,0.0
"In past 3 days, more money came to Yes Bank compared to withdrawals as only one-third of customers withdrew Rs 50,0… https://t.co/sIaYn77tzE",1.0,1.0
India To Be Grow Fastest Among G20 Economies Amid Corona Impact: Report https://t.co/9dIIgHE3ub,1.0,0.0
"India is expected to post sharp turnaround in 2021-22, says RBI Governor quoting IMF projection",1.0,0.0
India's Services Activity Hits 5-Month Low Amid Coronavirus Crisis: Survey https://t.co/Urv0Rj5eyv,0.0,0.0
"Indian Stocks Rebound Sharply, But Suffer Worst Week Since 2009 https://t.co/r5RNbKDRnL",0.0,1.0
"Industry body CII said #discoms are likely to suffer a net revenue loss of around Rs 30,000 crore https://t.co/8c6YJYJajL",0.0,0.0
"Intel a tobacco stock?...interesting read and analogy...up to Intel I guess, but the dividend is tasty  intc",1.0,1.0
Is it the doomsday for AAP?,0.0,1.0
"Isopropyl-alcohol prices have more than tripled in the U.S. since March 10 and reached $3,160 a metric ton Tuesday,â€¦ https://t.co/O5EeZa1FVb",0.0,1.0
JAG used to be 8 and trades on several exchanges that had a buyout a few years ago GD SV IMO we'll see M&A in GDX GDXJ space:on TC,1.0,1.0
"JCP 1x2 ratio spread goes off in May. Buying 30,000 16P for 1.57 and selling 60,000 12P for .45 against lower OI. Opening position",0.0,0.0
JCP 38.24% short float,1.0,0.0
"JCP Keep an eye on this triangle. big short int, 34%. reports Feb 27. cup & handle. at DT. ong",1.0,0.0
JCP Piper out with 16 target I think it's should be 6,0.0,1.0
JET entry 8.94 stop 8.2,1.0,1.0
JNP - added to long,1.0,1.0
"JNP FX ong, getting in tom.",1.0,1.0
JOE holding that 21-21.50 area for now but longer-term trend endangered,1.0,1.0
JPM increases target to 205 on NFX,1.0,0.0
"JPMorgan Chase Chief Executive James Dimon returned to work this week, a month after undergoing emergency heart surâ€¦ https://t.co/N92vM0lYPh",1.0,1.0
James D. White: Jamba: A Juicy Turnaround on Vimeo  1hr video from 2010 JMBA .. this is great stuff,1.0,0.0
"James Dinsmore attributes Bancroft Fundâ€™s unusually strong 2019 to falling rates, judicious use of leverage and a mâ€¦ https://t.co/BBrBuvoWD9",0.0,0.0
KBH Big move today. At resistance,1.0,1.0
"KCG, i wonder who keeps painting the tape with these few hundred share lots in the AM? ast few times we rip during the day~",1.0,0.0
KEX strong start,1.0,1.0
KEX the break of the 8.49 secondary price was your obvious signal...,0.0,1.0
KEX trying a short 8.47 filled and more at 8.57 with a .10 stop,0.0,1.0
KO #AXP WFC IBM - Warren Buffett launches into another giant hunting,1.0,1.0
KSS has been on a nice uptrend since bottoming out in early January.  Picked up some for my roth around 43.50. Slow mover but 50 possible.,1.0,1.0
Kate Mitchell: The Advantage of inkedIn  NKD I remain long CEO Jeff Weiner,1.0,1.0
Keep going up GPN.  Open up an even better put buying spot.,0.0,1.0
"Key levels, confirming the expectation on: BBY DNDN BAS GD These and other set ups...  DIA QQQ SPX T",1.0,1.0
"Kickers on my watchlist XIDE TIT SOQ PNK CPW BPZ AJ  trade method 1 or method 2, see prev posts",1.0,1.0
"M Consolidating here, heavy volume inverted hammer candle, we should see a nice green bar up tom, unless all buyers exhausted from today.",1.0,1.0
MA - Been struggling with vol. resistance all year. Watching closing for a long position.,1.0,0.0
MBI breaking out,1.0,1.0
MCD bear flag on daily.. needs to hold below 94-93...,0.0,0.0
"MCP Breaking out of it's base, above the 8.04 mark. Next key level, 8.12. MACD, Slow Stochastic, SI now showing some very good strength.",1.0,1.0
"MCP you had a lot of red flags, but when the CEO was abruptly fired without a permanent replacement this should have got your attention...",0.0,0.0
MD a steady gainer since mid January. One of our alternative Bakken picks. North Dakota piece here:  CP IET,1.0,1.0
"MEA sell stocks at 1,3 we wait for it lower",0.0,0.0
MGM - already at average volume for the day and trying to get separation from resistance,1.0,1.0
MGM up 8.38%,1.0,0.0
"MHP Kids, don't do steroids",0.0,1.0
"MHP McGraw-Hill Companies is having a huge sell off because of the rating agency, Fitch, has cut their ratings.",0.0,1.0
MITK perfect example of cup and handle breakout from 4 to 5 - EVC has this pattern now,1.0,1.0
"MNKD flagging nicely, like it over 3.39",1.0,1.0
MNKD squeezy,1.0,1.0
"MNREGA wages will be increased from Rs 182 to Rs 202, resulting in total rise of Rs 2,000; to benefit 5 crore famil… https://t.co/oG3CsUSo1m",1.0,0.0
MON - added,1.0,1.0
MON long setup  104. Earnings and rev growth will help build into Apr4 earnings. Tgt #1 106.50,1.0,1.0
MOS long,1.0,1.0
MS Morgan Stanley Hits Our 1st Bull Signal Target (Called Dec 11),1.0,0.0
MS Morgan Stanley Is Nearing Our Medium Term Target,1.0,1.0
MS Morgan Stanley Option Bull bets 1.6 Million on an up move by July,1.0,0.0
"MS making the turn back up here, 23 calls are CHEAP!",1.0,1.0
MTG may not be done,1.0,1.0
MTG short 5.42,0.0,0.0
"MTG.. got a little long yesterday, like the orderly pullback/consol. after the big rip,target 6",1.0,1.0
MYGN sell stop under Friday's low or limit to short near 26,0.0,0.0
"Mall and shopping-center owners are compiling a blacklist of large, usually financially stable tenants that havenâ€™tâ€¦ https://t.co/qgBnOqRKdg",0.0,1.0
"Many merchants still ask customers to sign for card purchases, rankling shoppers who are nervous about the coronaviâ€¦ https://t.co/jfSjiFtJHw",0.0,0.0
"Market Fall Significantly Lower Than Global Peers, Says Regulator Sebi https://t.co/MIiLONrbbV",0.0,0.0
Market Wrap Video + Additions to Watch ist  including: AAP BSFT END FS JCI PQ TTWO WGO,1.0,1.0
Market Wrap Video + Additions to Watch ist  including: AEG DI IPX NG MY ONTY QIH ST XXIA,1.0,1.0
Market Wrap Video + Additions to Watch ist  including: AGO AS CHK CVA GA NFX GP - by My Valentine,1.0,1.0
Market Wrap Video + Additions to Watch ist  including: CYH DGIT EWBC  NGS PKG,1.0,1.0
"Markets Revise Trading Rules, Hours, Circuit Breakers As Volatility Surges: Key Facts https://t.co/jQNHn3pOA5",1.0,1.0
"Markets have entered a calmer stretch, but investors warn prices for stocks and corporate debt could still fall mucâ€¦ https://t.co/AJmgfLPtDj",1.0,0.0
"Marriott International signed a partnership with IKEA, how I think it will be a genius move  MA",1.0,1.0
Massive sell off AAP. GEAT,0.0,1.0
Match Group could be a relatively stable suitor for jaded investors looking to get back in the game https://t.co/WgX4JCl6iW,1.0,1.0
Might open a position on S today. Cup and handle can make this one fly to 7-7.5 quickly.,1.0,1.0
Milwaukee's CAT to lay off 300 employees in So. Mke branch,0.0,0.0
Moody's Warns Of Downgrading Tata Motors https://t.co/UvsiMcmoBZ,0.0,0.0
"Morgan Stanleyâ€™s results fell just shy of projections by analysts, who had revised their estimates downward as theâ€¦ https://t.co/vGv8FsK57t",0.0,0.0
Mukesh Ambani's Net Worth Drops To $48 Billion In 2 Months Amid Coronavirus Crisis https://t.co/0TTjUMldfU,0.0,0.0
"My SHOTS, various strats, AXDX CMCO DGIT D ECYT EPIQ GDD GMAN ICGE IDIX MXW OME PETS ECN SCMP SGI SIMO SNFCA",0.0,1.0
N found buyers near its rising 50dma and it is looking to resume its uptrend,1.0,0.0
"NAN like the daily and intraday setup, will try over 18.80",1.0,1.0
NBS A Steal  this level.,1.0,1.0
NE not bad at all.,1.0,0.0
NEW POST: Positive Earnings and Cost Containment Continue to Propel MS,1.0,1.0
NFG breaking out right here. ong,1.0,1.0
NFX BOOM,1.0,1.0
NFX Doesn't anyone else find it delightfully amusing their hit series is titled House of Cards?,0.0,0.0
NFX If it breaks down below 178.23 w volume it may retreat to support at 160. Short-term bearish,0.0,0.0
NFX as I said before...it feel like another distribution day.....,0.0,1.0
NFX is planking,1.0,1.0
NFX is the easiest long side swing trade right here.,1.0,1.0
NFX nibbled a few earlier and holding over night. Sharing a few thoughts POSTED VIDEO,1.0,0.0
NFX what a brutal short squeeze :-) +40%     I hope to see the same on BCN ZNGA VVS AMD GTAT and so on....,1.0,1.0
NG - liked it where stewie mentioned - off the 20MA. First pullbk2 same would B good 2nd entry,1.0,1.0
"NG Increasing natural gas prices not exactly great for Cheniere, even if they are just a toll gate.  owers the arbitrage potential...",0.0,1.0
NGT GDX GDXJ Short GOD & Miners into FOMC - JPM notes,0.0,1.0
NIHD  Gap and go? (likely)  Also liking the action today on:  WT CM  Others:   Also bullish:  DIA QQQ SPX T,1.0,0.0
NIS time to run higher. Breaked the descending line,1.0,1.0
"NKD I am a golden God, do not fight me",1.0,1.0
NKD looking like a good short. Failed to break price level resistance at 116 today.,0.0,0.0
NKD nov and dec had disease now its the cure - not a believer - shorting,0.0,0.0
"NKD sure to be mutual fd PM's putting in limit orders and never getting filled, more to come",1.0,1.0
NKD what a hot piece of bullflag!,1.0,1.0
NKE bull penant?,1.0,1.0
NKE still in this 6 week consolidation base. Breakout over 55.60 + 55.90 w/ volume as buying pts,1.0,1.0
"NS should start to slide here just like HF, that MM that was shut down in KY is having ramifications imo, longs getting nervous...",0.0,0.0
NSPH peeled more off 2.19,1.0,1.0
"NTS another one that looks very strong right now. Buy over 55.25, tgt 56 then 58. user",1.0,1.0
"NTSP is the laggard in the #13for2013 portfolio, down 2.03% for the year (closing in on 50-d ma)",1.0,1.0
NVDA MACD indicating that the current short term price trend is bullish.Breakout watch over 12.85,1.0,1.0
NVDA has started to bounce & broke out from a falling wedge closing above resistance 12.6 level,1.0,1.0
NVDA looks super coiled and nice,1.0,1.0
NVDA nice accumulation taking place here... ong and strong !,1.0,1.0
"NVDA ooks bullish but it must stay above 13.05 on a closing basis (monthly), EPS say no?",0.0,1.0
NVT has the most unusual increase in #socialvolume,1.0,1.0
NX On flag break,1.0,1.0
NX on watch list above small flag on volume of 26% of ave full day so good volume,1.0,1.0
Nailed GOOG today.,1.0,1.0
Names to buy on pullbacks GS CEG FB F,1.0,1.0
New industry data provide the first hard look at how many Americans are struggling to make rent during the coronaviâ€¦ https://t.co/jnD95fmOz6,0.0,1.0
"Nice day for the kicked out of the Nasdaq boys.  NFX, BBY, GMC all green.",1.0,1.0
"Nifty Slumps Below 10,000 As Markets Hit 30-Month Low Amid Global Selloff: 10 Things To Know https://t.co/3mVYe3Xrco",0.0,1.0
No 1 is talking abt Demark's botched AAP call. Media always parade the hot hand so masses B under the illusion that experts know something,0.0,1.0
Not even drugstore chains can tell investors what the future looks like. Investors of all sorts should take notice. https://t.co/lnIboF2atR,0.0,1.0
"Not everyone panics in the stock market, but a professor has figured out what some do https://t.co/kKCDfT6Bko",1.0,1.0
Notice that I am saying this way in advance.  I am just making sure everyone is on the same page. CHTP,1.0,1.0
O - I am starting to see Blu everywhere. very small portion of business but holiday sales may have been BTE.,1.0,1.0
"O - short setup if signal fires, like this, it will be a 50sma reject and weekly & monthly time frames look like they are weakening",0.0,1.0
"OAS, perfect opportunity to the buy the dip on this name. NG higher",1.0,1.0
"OCN down small from entry, low volume decline into support",1.0,1.0
"OCZ -CES 2013, as Vegas, Nevada, January 8th through 11th (in progress)!",1.0,1.0
"OCZ pleasantly surprised that FIO results did not affect this one more.  Shook me out of 1/2 my position, but still bullish",1.0,1.0
ODP - Breaking out from resistance,1.0,1.0
ODP and OMX two failing companies joining to fail as ONE!,0.0,0.0
ODP buy 4.15 -4.17,1.0,1.0
OI SO XOM CPE IG -How does the price of oil Venezuela without Chavez's new?,1.0,0.0
OMX another bricks and mortar dinosaur falling to online retailing> Details here,0.0,0.0
ONG CNE at 13.91,0.0,1.0
ONG Setups: AN ANIK NFX SSYS ZB MDX KS VMW and more ...,1.0,1.0
ONVO I think we're all waiting for a little dip DDD was a nice entry yesterday OC Apr 20 call options a few days ago at 32 strike,1.0,1.0
OPK low of the day was 6.08. arge candle wick growing downward. MACD divergence downward. Stochastic downward divergence. SI downward.,0.0,0.0
OPXA Any close above 2.23 would be great . Could explode higher.,1.0,1.0
OS stock very close to magic number 7 and holding see stabilization over 7.00 it will retest 7.50 break point - really like this one,1.0,1.0
"OST m, my position hurt so bad today. butt, it just slide back to last wednesday. maintain 65.00 target.",1.0,0.0
OVTI down 8% in AH,0.0,1.0
OVTI moving out of long base to the upside,1.0,1.0
OWE STOP in FMD to 5.26 20ma.,0.0,0.0
OY O'eilly Automotive Inc. option traders making big downside bets selling 27k calls buying 17k puts,0.0,0.0
On the other hand u have AMZN who is takg the baseball bat approach to building the moat They have no fear doing that Invest Jeff Invest!,1.0,1.0
One assumption to avoid: overestimating the duration of the market retrenchment https://t.co/xhEt9gDXki,1.0,1.0
"Out the rest at 52.30, still long 3k shares in the T account user: Out another 25% at 52.40, +1.40 EBAY",1.0,1.0
Outbreak: How coronavirus swept through JPMorganâ€™s trading floor  https://t.co/duMydNH3qy,0.0,1.0
Outbreak: How coronavirus swept through JPMorganâ€™s trading floor https://t.co/Gs9igG8sA1,0.0,1.0
P out balance +.32,1.0,1.0
PAN Caught an upgrade with 26% short interest..Breaking out here:,1.0,1.0
"PAY - Closing strong, well above the 20.00 mark.  Continuation, likely.",1.0,0.0
PCN - long setup,1.0,1.0
PCN Still buyable here off the breakout last week of the descending trend line.  Stop set at 713.,1.0,0.0
"PCN final tgt 680.30 or so, 684.30 stop",0.0,1.0
"PCN mini bear flag intraday, staying with the short as long as it stays under 718",0.0,1.0
PCN possible short to gap close if it cant hold 685,0.0,0.0
"PCN working off some overbought conditions but rising shakeout today despite market overall,",1.0,1.0
PEIX long .45,1.0,1.0
PFE sticking with!,1.0,1.0
PI daily thx for the heads up user,1.0,0.0
"PI making an effort, watch TIP too here",1.0,0.0
"PKG three back to back strong days, good volume too, very nice move",1.0,1.0
PM best setup if market can hold 100 roll,1.0,1.0
"PO continues to recover well, but really needs some volume on the upside to sustain it",1.0,1.0
PO is perking up again. Very strong specialty chemicals' stock,1.0,1.0
POW may make a run to .25,1.0,1.0
PPHM  Going down to 0.69 ouch...,0.0,1.0
PPHM 3 million shares stuck in a squeeze. Disinfo agents already appearing! user,1.0,0.0
Penney's and Macy's and Martha  . .  . Oh my! : JCP M MSO APP KO,0.0,0.0
Picked up FS on pullback due to downgrade. Held support to close week. First PT 37.30,1.0,0.0
Pre-Market osers: DDD DDS DEO DST PSO VXX FXY GSK IO NGG,0.0,0.0
PreMarket Most Advanced: QIK GTAT IEP MEKO WTSA QGEN TIBX ATM ZNGA JB,1.0,1.0
"Pretty soon, it'll only take one share purchased on the offer of BK.A, PCN, or APP to move markets up 2%. #NoMoreVolume",1.0,1.0
Property Prices Face Steep Falls As Virus Freezes Market https://t.co/TLjQdihN1n,0.0,0.0
Put FS at the top of your radar?today after Citigroup initiated?at Buy and target price of 41,1.0,0.0
"QCO is one of my favorite value stocks. Zero debt, great margins, low P/E and PEG, and soaring income. I am long!",1.0,1.0
QCO on launch pad in .03 cents.,1.0,1.0
QCOM introduces StreamBoost:  average home connects up to seven devices to the Internet,1.0,0.0
"QCOM looking good here for a long, yesterday's close as stop",1.0,1.0
"Qatar began marketing U.S. dollar-denominated bonds, the first Persian Gulf state to tap the debt markets since theâ€¦ https://t.co/UknSZl5wZv",1.0,1.0
"Quietly grinding higher, tons of products JAH #JADEN Corp where they come from #WOW!",1.0,1.0
RBI has cut the reverse repo rate by 90 basis points to 4%,0.0,0.0
RBI has reduced the Cash Reserve Ratio by 100 basis points.,0.0,0.0
"RBI to conduct Targeted longer-term refinancing operations (TLTRO) 2.0 for Rs 50,000 crore, says Governor Shaktikanta Das",1.0,1.0
RT @AndrewScurria: 1st large oil-and-gas bankruptcy stemming from coronavirus/Saudi-Russia price war. Whiting Petroleum files for chapter 1â€¦,0.0,0.0
RT @DaveCBenoit: The banking system is not built for everyone in the whole country wondering if they got a government check on the same dayâ€¦,0.0,0.0
RT @JamesGlynnWSJ: Glynnâ€™s Take: RBA Not Sugarcoating Second-Quarter Slump #rba #ausbiz #ausecon  https://t.co/tIrw2j0hoF,0.0,1.0
"RT @NHendersonWSJ: The Fed is settling into its role as the world's central bank, again. Allowing foreign central banks to access the Fedâ€™sâ€¦",1.0,1.0
RT @ScottMAustin: Read this great story by @DanaMattioli and @SebasAHerrera about how Amazon didn't have a pandemic plan and is now strainiâ€¦,0.0,0.0
RT @Spencerjakab: Some hot auto deals - not for drivers but brave investors - by Heard on the Street Europe editor â¦@StephenWilmotâ©  https:â€¦,1.0,1.0
"RT @WSJheard: China has been more restrained with monetary policy in the coronavirus crisis than the U.S. or Europe, but that is probably aâ€¦",0.0,1.0
RT @estherfung: Some Landlords Say Only 25% of Retail Tenants Paid April Rent https://t.co/1JuE0xG1AH via @WSJ,1.0,0.0
RT @jasonzweigwsj: Latest round of emergency facilities expands the Federal Reserveâ€™s footprint into credit markets it has previously avoidâ€¦,0.0,1.0
RT @joannechiuhk: SoftBank Expects Nearly $17 Billion Loss on Tech-Focused Vision Fund  https://t.co/6UDu1Ovy30 via @WSJ,0.0,1.0
"RT @joannechiuhk: The Federal Trade Commission is suing tobacco company Altria to unwind its $12.8 billion investment in Juul, accusing theâ€¦",0.0,1.0
"RT @kenbrown12: Kept at home by the coronavirus, many Chinese fall behind on their debts. Consumer debt has risen a lot in the past few yeaâ€¦",0.0,0.0
RT @newley: Indian startup Oyo Hotels &amp; Homes is planning to move some employees off its payroll and onto the rolls of its biggest investorâ€¦,0.0,0.0
RT @srussolillo: A beautiful story from @tepingchen: Coronavirus forces Rosa Mendoza to shift from waitressing to feeding the needy. Andâ€¦,1.0,0.0
"RT @srussolillo: This is absolutely terrifying: Forecasting firm Oxford Economics projects that by May, the U.S. will have lost 27.9 millioâ€¦",0.0,0.0
"Reliance Industries raises Rs 8,500 crore using cheaper NCD funds; plans to replace high-cost rupee debt https://t.co/nopSBtIZqD",1.0,1.0
Reserve Bank of India has been very proactive and monitoring the situation closely: Governor Shaktikanta Das,1.0,1.0
"Riskier investments, including junk bonds and nongovernment-backed mortgages, are being left behind as markets atteâ€¦ https://t.co/8uiVDNWl5b",0.0,0.0
Rupee Edges Higher To 76.11 Against Dollar https://t.co/qGDKsdasQq,0.0,0.0
Rupee Hits Record Low Of 74.50 Against Dollar Amid Coronavirus Scare https://t.co/e86E0M8yQV,0.0,0.0
"S continues to work well, big breakout, retest, and follow-through, and all on good volume",1.0,1.0
S from the action last week looks like S and CW may be heating up again for big run #3,1.0,1.0
S have anyone noticed the HGE volume today? If this thing pushes through 6 today we might have a runner for next week.,1.0,1.0
"S rare to hold something that long when 'not working', but was never invalidated either, rationale and long-term trend remained intact",1.0,1.0
S this tug-o-war will end soon with the winners ending far from where their heels were first dug in,1.0,0.0
"SBI Slashes Lending Rates Across All Tenors By 0.35%, EMIs To Get Cheaper https://t.co/ao9oL2fCo5",1.0,0.0
"SBX  #SI #EarthThis is the kind of stuff that makes us perk up (so sorry!).but, go on...bullish five waves to 58.",1.0,0.0
SBX As long as the 50EMA holds on a closing basis at 55.89 I remain bullish.,1.0,1.0
SBX Solid move today continuing uptrend and holding above support to close the week,1.0,1.0
SCCO double top? 50 SMA turning down.,0.0,1.0
SCHW - we added more to the long today,1.0,1.0
"SCTY cools off, but SPW continues upward. Our take:  also, look for our updated solar market outlook soon",1.0,1.0
"SE SHOT CECO, SM, ACI, DMND, NS, GCY, BBG, EF, TM, EOC, XCO, VCCF, PQ, AXAS, PST, P, KCG, MNTA, NAV, PAC",0.0,0.0
SFY would start with a trade to the second line  - so starting over 33.30,1.0,1.0
"SGMO current 1st target is 10.03, and second is 10.32. Darn it.",1.0,1.0
SGY broke down its 50EMA & trendline support on increased volume and selling pressure.,0.0,0.0
SHOT AEE  33.99.,0.0,0.0
SHOT JPM  49.92 stop  50.03.,0.0,0.0
"SII all out, think I'm done for a while, see ya at 2.90 or so",0.0,1.0
SK - 28 mil share buy back - estimated EPS 1.01 vs. 1.00 last year.,1.0,1.0
"SK Check the intraday, tell me this thing isn't ready to blow up.  Almost 30k shares traded in 1 minute EOD :)",1.0,1.0
SKX Over 22.50 - about,1.0,1.0
SM - Decent base. ook poised to break out.,1.0,1.0
SMA nice,1.0,1.0
SNTS kills it,1.0,1.0
SPW Interesting analysis and speculation of share price.,1.0,0.0
SPW new HOD,1.0,1.0
SPW ooking for 50% retracement of move from 8 to todays high 13.66,0.0,1.0
SPY giving AAP the finger. We don't care about you anymore lol,0.0,0.0
"SPY, ES, We trade what we see,,,turn of CNBC noise or nonsense,,trust ur technicals...",0.0,1.0
SQNM  Over 5.05,1.0,1.0
SQNM a Continuation - wil take it over the top Bollinger band,1.0,1.0
STEM starting its climb back up,1.0,1.0
STT nice breakout last week.  Buyable here and add on pullbacks to 57.50.  Stop set at 57.31,1.0,1.0
STX - high call vol. 12.71% short Check WDC as well. STX better hard drives. always rumor buyout,1.0,1.0
"STXS target is 2.38, that sucker will give almost everything back.",0.0,0.0
"SV GD PA NGT FCX NEM AY - Gold prices traded steady, focus on dollar",0.0,0.0
SWFT watching for a move over 13.95,1.0,1.0
SWHC now we need that volume,1.0,1.0
"SWHC still holding all my shares bought at 7.69. Have June10 Calls that are playing well too. Sold my MA9s yesterday, too soon.",1.0,1.0
SWHC will continue to accumulate more mar 9 calls on any pull back below 8.10,1.0,1.0
"SWY - corn on a run, bears getting the cob  SWY",1.0,1.0
"SWY - inside day - held 50 sma, rsi holding above 40 , looks like counter-trend move",1.0,1.0
SWY - made some sales 20.30 - 20.60,1.0,1.0
SWY - wow doing a number on the bears this week - scaled out of a little today,1.0,1.0
SXC - breaking above key downward channel level. ikely to move much higher from here.,1.0,1.0
"SZYM like the start, needs a move over 8.90 on vol",1.0,1.0
Saudi Arabia signaled a reversal of its oil-war against Russia after U.S. President Trump sought help to rebalanceâ€¦ https://t.co/C99xvPvJaA,1.0,1.0
Scaling into VT Mar 25s calls right now. ight for now. ooks Good. Watch for volume next week.,1.0,1.0
Security software stock FIE is almost back to its all-time highs after a 30% pullback. FTNT from the same group is also setting up,1.0,1.0
Selling ICE Short check out my video analysis,0.0,0.0
Selling your home to a computer was supposed to be the future. But that was before the coronavirus pandemic. https://t.co/3EK1wJSvFs,0.0,0.0
"Sensex Closes 1,266 Points Higher, Nifty Reclaims 9,100 https://t.co/rQ8IvLd7C4",1.0,1.0
"Sensex Ends 1,375 Points Lower Amid Coronavirus Crisis https://t.co/J8tBkkoNTe",0.0,0.0
"Sensex Falls Over 1,100 Points, Nifty Slips Below 8,350 Amid Coronavirus Crisis https://t.co/aRUQxsZStO",0.0,0.0
"Sensex Falls Over 1,950 Points, Nifty Below 9,400 Amid Coronavirus Fears https://t.co/RHwZ6W3bBX",0.0,1.0
"Sensex Falls Over 500 Points; Reliance Industries, HDFC Bank Top Drags https://t.co/Pj1zRQMFhK",0.0,1.0
Sensex Opens 173 Points Higher Amid Cautious Gains In Global Markets https://t.co/UeXRpkRn4x,1.0,1.0
"Sensex Opens Over 500 Points Higher, Nifty Starts Day Near 8,450 https://t.co/2uzIGVXmRn",1.0,1.0
"Sensex ends 1,628 points higher at 29,916, Nifty reclaims 8,700 as markets gain nearly 6% after four-day selloff… https://t.co/6d9nbjZo5N",1.0,1.0
"Sensex ends 2,476 points higher, Nifty reclaims 8,750 as markets bounce back 9% after 2-day fall #Sensex #Nifty #MarketUpdates",1.0,1.0
"Sensex ends volatile session 173 points lower, Nifty settles at 8,749 as coronavirus fears persist #Sensex #Nifty #MarketUpdates",0.0,0.0
"Sensex opens 1,075 points higher at 27,056, Nifty starts day above 7,800 amid gains in Asian markets #Sensex #Nifty #MarketUpdates",1.0,1.0
"Sensex opens 1,096 points lower at 27,773, Nifty at 8,063 as selloff in global markets continues on coronavirus sca… https://t.co/WlDRTfQF2R",0.0,0.0
"Sensex opens 1,564 points lower at 31,214, Nifty starts day at 9,108 amid record fall in global markets over corona… https://t.co/mHWIZJWa8x",0.0,0.0
"Sensex opens 166 points lower at 35,469, Nifty starts day below 10,350; IT stocks worst hit #Sensex #Nifty #MarketUpdates",0.0,0.0
"Sensex opens 173 points higher at 28,461, Nifty at 8,284 as global markets post cautious gains amid coronavirus sca… https://t.co/qphiic53Gx",1.0,1.0
"Sensex opens 390 points higher at 30,969, Nifty at 9,088 as global markets rebound #Sensex #Nifty #MarketUpdates",1.0,1.0
"Sensex plummets over 3,500 points, Nifty cracks below 7,750 as markets extend losses; financial stocks worst hit… https://t.co/QgnEyeLXte",0.0,0.0
"Sensex, Nifty End Volatile Session On A Flat Note https://t.co/bCXcTD72dd",0.0,0.0
"Sensex, Nifty Extend Losses To Second Day Amid Rising Coronavirus Cases https://t.co/1Lk0ZkMhdS",0.0,0.0
"Sensex, Nifty Likely To Have A Positive Opening https://t.co/BGz6STkkhU",1.0,0.0
"Sensex, Nifty Likely To Open Lower After A Day's Breather https://t.co/XETJTnWtyQ",0.0,0.0
"Sensex, Nifty Likely To Open On Positive Note Today https://t.co/S9ZrtxeUpw",1.0,0.0
"Sensex, Nifty Likely To Open Sharply Lower Today; Yes Bank Shares In Focus https://t.co/IvUq5azsrK",0.0,0.0
"Sensex, Nifty Open Higher Amid Gains In Global Markets https://t.co/A5y2mB4ZS9",1.0,1.0
"Sensex, Nifty Plunge 13% After A Day's Breather Amid Coronavirus Fears https://t.co/yK4bK5uWlK",0.0,0.0
"Sensex, Nifty Set For Another Day Of Mayhem Amid Global Selloff, Coronavirus Fear https://t.co/8mRLyuqWJu",0.0,1.0
"Sensex, Nifty Stage Mild Recovery; FMCG, Pharma Shares Gain, Banks Fall https://t.co/59GFTCCefW",1.0,1.0
Set ups I like for tomorrow:  ZNGA BOX FB VMW GDOT W Others set ups I like:,1.0,1.0
Shoemakers churning out masks. Auto giants manufacturing ventilators. This is how the private sector goes to battleâ€¦ https://t.co/0OBG94I1yC,0.0,0.0
Short CF and MMM,0.0,0.0
"Short Ideas,  digesting recent gains. BID CF APO MCP FCX NEM INTC CS IAG AKS AAP & more.",0.0,0.0
Should I liquidate 1/4 or 1/3 of ZNGA I am holding?,1.0,1.0
Side note: Nelson Peltz (Trian) actually designed the new HNZ ketchup packets. Wendy's is one Peltz's fav investment.,1.0,1.0
"Slowdown in PETM services troubling, would look to other pet companies to play pet humanization trend:  PETS WOOF",0.0,0.0
Small Businesses Struggle To Pay Wages Amid Coronavirus Lockdown https://t.co/dy4BoxDLZB,0.0,0.0
"So Iger says he likes NFX, go bid 250 lol",1.0,1.0
"So many funds use ESG in their names now, regulators are looking hard at whether the products live up to their billâ€¦ https://t.co/KY2KEM9e1S",1.0,0.0
So to be sure. Everyone can short AAP and make money. Everyone is going to jump in when market crashes on Debt Ceiling. Perfect.,0.0,0.0
Some breakouts today: AGCO CAM F GMC HA JEC KAC MCS MOS NKE OSK PG TEX TMO TOO,1.0,1.0
Some of My Market Thoughts and Swing-Trade Watch-ist Too | STDY HS W HOV SharePlanner,1.0,0.0
"Sorry AAP, the #BlackBerryZ10 Is Hotter Than the #iPhone  IMM",1.0,1.0
SpiceJet Expects A Surge In Demand As The Virus Is Contained https://t.co/CPbPoDNBrt,0.0,1.0
SpiceJet To Cut March Salary As Coronavirus Lockdown Hits Travel Demand https://t.co/byFY7IpXm8,0.0,0.0
"Squeeze squeeze slow grind higher continuing SPY 147.45 ES_F 1471 , WFC better deliver the goods tomorrow...",1.0,1.0
"Standard Chartered must pay Â£20.47 million for violating sanctions imposed by the EU on Russia, U.K. authorities saâ€¦ https://t.co/cLbqzZioYh",0.0,1.0
Stop in NP is 139.50.,0.0,0.0
Streetwise: Scars from the coronavirus pandemic will persist for a generation of investors and future managers https://t.co/168sGkB8qH,0.0,1.0
"Strongest stock on my watchlist today is ECHO. ogistics, ftw.",1.0,1.0
Student Nobiano  made 14% roi on a BT trade. Great for you sir!,1.0,1.0
Students and their families can request a financial-aid review if the economic fallout from the pandemic has hit thâ€¦ https://t.co/PEKzZjwQ4U,1.0,0.0
Swing Trade Quick Pick: Alexion Pharmaceuticals AXN,0.0,1.0
"T user DDD & SSYS working on left side of new bases. Wait patiently for them to form & better price action, as entry is everything.",1.0,1.0
TAB finally starting to break out. MACD crossover today/should support higher prices in short term,1.0,1.0
TEC www.short-term-stocktrading.com Mar6 decent trade in TEC today:,1.0,1.0
TEK sleeping giant one of these day soon booom target 2.5-+,1.0,1.0
"TEX another nice bull flag, watch for the MACD to signal next breakout",1.0,1.0
"TGT, searching for shorts, took a small put pos. for a quick trade, just to scratch that itch.",0.0,0.0
"TIVO BY!  Price action? Check - breaking out above 12.95. Volume?  Check, 2x avg.",1.0,1.0
"TIVO holding well above MA(50) 11.60 this morning, I believe it is a long setup",1.0,1.0
TJX breaking resistance today,1.0,1.0
TMB suggested by a follower - poised to breakout to new highs. Buy area 64.00 on volume,1.0,1.0
TSA: Judge Dismisses Massachusetts State Automobile Dealers Association awsuit -,1.0,1.0
"TSO Was long now crack spreads say low 30's = Short, VO good short too!",0.0,0.0
TSO is on a good upward run but a resistance level has formed at 45.44. Keep it on your radar.,1.0,1.0
TSO user Attached shows Fib and old resistance stopping upward move.  Will stay below both.,0.0,0.0
TWX Wait for re-entry point: 54-53.,1.0,1.0
Take a look at how IDCC jumped up quickly after touching the lower Bollinger Band. Happening again.,1.0,1.0
Tcamitrader yep! EOG  from,1.0,1.0
"The A/D line moves up, it means NVDA is being accumulated ( bought ).",1.0,1.0
The AAP drop will stop only when Wall Street and sellers stop fearing the margin drop...take a look,1.0,0.0
The Dow falls 410 points to end a period marred by coronavirus https://t.co/v4PutP9tYc,0.0,1.0
The Dow has rallied 6% today as investors react to early signs that lockdowns in the U.S. and Europe may be helpingâ€¦ https://t.co/W7UUwREpdJ,0.0,1.0
The Federal Reserve is limited in its efforts to revive the $4 trillion market for municipal securities. https://t.co/ymRweWcRXc,0.0,1.0
"The GOOG daily chaos event is looking good green line is moving above white, just like dec9 move",1.0,1.0
The Harbor - ValuePlays | ValuePlays  HHC XOM FB M DDS GGP,1.0,1.0
The March jobs report shows the start of a collapse that could shed all the U.S. jobs added by employers in the pasâ€¦ https://t.co/pCJLsr1UJS,0.0,0.0
"The bank, the second largest in the U.S. by assets, reported revenue of $22.77 billion, down from $23 billion a yeaâ€¦ https://t.co/Vsgar9u1uV",0.0,0.0
"The banks for years rode consumer spending and borrowing to big profits. Now, they are preparing to struggle alongsâ€¦ https://t.co/sJ5Ykau6Id",0.0,0.0
The big decline in oil prices has hit all three of the menâ€™s power bases at a moment when the coronavirus threatensâ€¦ https://t.co/zggVnn9sht,0.0,0.0
"The cannabis sector must stay short of cash, but not too short, for property company IIP to maintain its edge durinâ€¦ https://t.co/BQKvuhBJIX",1.0,0.0
The de-facto OPEC leader lifted production above 12 million barrels a day. https://t.co/y7xEkGhnB3,1.0,1.0
The dip last week to 15.55  might have been an amazing opportunity for investors to buy OVTI,1.0,1.0
"The economy has almost certainly entered a recession affecting most of the world, with a severity unmatched by anytâ€¦ https://t.co/57j70HPwXG",0.0,0.0
The implosion of a Starbucks wannabe in China shows how expensive it can be to do reliable due diligence on farawayâ€¦ https://t.co/lQQOc9vOCw,0.0,1.0
The largest U.S. banks begin to report earnings this week. Donâ€™t expect much. https://t.co/42MSkGu6h4,0.0,1.0
"The latest stock rally reflects optimism about the end of the economic paralysis, but investors have little perspecâ€¦ https://t.co/6UTWZhiT6U",1.0,1.0
"The most bearish thing I have seen in a week, not good for the overall market at all JPM SPY ES_F",0.0,0.0
"The pattern in DNDN reminds of HGSI, everyone threw in the towel & then they received a nice takeover bid with huge premium out of nowhere",1.0,1.0
The phase irrational exuberance comes to mind when thinking about the absurd valuations of these companies AMZN CM AX NFX DDD NKD,0.0,1.0
This is the year of fitness and health apps...the winners will be gynormous and the speculation will run high  nke,1.0,1.0
Time for a contraction in AAP.down to test 500 this week by Weds.long Jan11th 510/500 put spread,0.0,0.0
"Today is the very important DAY 3,we haven't closed green for 3 days in a row since Sept.Very bullish short term if this happens AAP",1.0,0.0
Today's Watchlist for SHOT Stocks: SA; SB; IG; PB; CA,0.0,0.0
Took two position overnight BAC and PHM,1.0,1.0
Trade Ideas for Today  MS ONXX NVE BGCP,1.0,1.0
Trade Setup CF -,1.0,1.0
"Trade idea SE the breakdown in NEM  40 , target 31.50 , cut above 43.50",0.0,0.0
Trading environment favors long side. Don't over stay welcome. Too few quality leaders. GS AMH OCN EGN HOV AAP,0.0,1.0
"Trading halted for 45 minutes as markets fall 10% on coronavirus jitters; Sensex down 2,992 points at 26,924, Nifty… https://t.co/uJVepH21Bu",0.0,0.0
Two trades I'm eying GOOG and GD.,1.0,1.0
US Jobless Claims Top 6 Million For Second Straight Week Amid Coronavirus https://t.co/ezbj324eet,0.0,0.0
V - On watch for tomorrow.,1.0,1.0
V Cleared this consolidation channel today. Setting up for higher prices.,1.0,1.0
V going into full breakdown mode,0.0,1.0
"V is now one of my longest growth stock holdings, ever (19 months and counting)...",1.0,1.0
"V looking extended here, could pull back 15 - 20 dollars.  Strong company though, too dangerous for me to short me thinks.",0.0,0.0
V might still get a flush to 152 but longer-term this is solid,1.0,1.0
"VHC also getting an upwards reversal intraday, looks good if it can break HoD from the morning",1.0,1.0
"VIX rising, eaders lagging & reversing on vol, laggards leading, speculative names climaxing. Don't ignore warnings. DDD SODA Y FB",0.0,1.0
VMW short 97.01,0.0,0.0
VNG - Take a hard look at GOOG FTC settlement over patents.  FTC making GOOG play nice with VNG?  Makes Sense,1.0,0.0
VNG I bought at 2.78 then went to bathroom just like any normal day came back and at 3.27 - what a poop lol,1.0,1.0
VNG allied hard Friday w volume.If it clears back over 3.43 50SMA may have some good upside,1.0,1.0
VNG been sleeping for too long now predict about to wake up with big volume surge as catalyst higher levels 4.50 shot from here - 20MM day,1.0,1.0
VNG getting small position here 2.70 -2.73,1.0,0.0
VNG going to more hod's this is great so long under 3.00 thanks for following,1.0,0.0
VNG its crazy that anyone listens and trades off this tool.,1.0,1.0
VNG took some offt table from 2.75 longs today at 3.20 - still holding big part overnight too,1.0,1.0
"VNG w/ MACD turning up & above its signal line, VNG could post a nice rally from current levels",1.0,1.0
VS is breaking out !!,1.0,1.0
VS needs over 56....,1.0,1.0
VS option trader sells 26k of the 47.25 - 52.25 call spreads in March. Big bet that stock will be below 47.25 by March expiry,0.0,1.0
VT  breakout point 25+,1.0,1.0
"VTX ..working a flag just above downtrend line breakout, looks higher",1.0,1.0
"VVS working, peeling some off here",1.0,1.0
VXY 9 here we come - AAP Blowout,0.0,0.0
VXY AAP Blowout Huge Dump AAP Miss #FED pump VXY Dump,0.0,0.0
VXY Added some AAP Mar Bull Straddle for EOD squeeze,0.0,0.0
VXY GS JPM HFT PPT Window Dressing programs online,0.0,0.0
VXY GS just keeps buying ES_F futures contracts with #FED funny money - why fight it?,0.0,0.0
VXY VIX is Done till Jobs eport - Try CAS on FAS BAC GS C XIV,0.0,1.0
WBMD trade for move thru 20.00 long scaling here 19.75 - 19.80,1.0,1.0
WEN Ho hum new 52 week high CA SPY DIA,1.0,1.0
WEN Nice eady to sprint to new high CA,1.0,1.0
WEN ho hum lots of love today. CA,1.0,1.0
WFC If they miss I will add,1.0,1.0
WFM - short back on,0.0,0.0
WFM fibs say here  or 81.67,1.0,1.0
WFM looking really good here breaking this DT line on good volume so far,1.0,1.0
"WH consolidating at the highs, with gap support immediately under the price. -  from",1.0,1.0
WH nice rounded reversal pattern intraday since the gap fill,1.0,1.0
WH we are at the 38.2% retrace here,1.0,1.0
WMT breaking out of channel + All MAs are lining up in upward direction.,1.0,1.0
WMT opening range 30 min. JPM comments negative. No position,0.0,0.0
WMT want more march calls,1.0,1.0
WNC bounce from 20-day and about 8 cents from our line on volume of 12% ave full day,1.0,1.0
"WPI - inside day cracks to downside, we are already short - no add here",0.0,0.0
WPI - whoopie - that's the stocks nickname,0.0,0.0
WYNN aises Dividend from 0.50 to 1/Share >> CC was quite bullish on all fronts & analysts seen enthused,1.0,1.0
Watch APC under 88.,0.0,1.0
Watch CAI under 4,0.0,1.0
Watch NKD here. Selling volume has been picking up and it's now below its 20 day moving average. Candle still needs to close.,0.0,1.0
Watch NP here under 138.93 could be a nice short. And There goes CIEN under 17.11.,0.0,0.0
"Watch SPPI if it can hold above 7.86. It could go, but needs to stay above it.",1.0,1.0
Watch list stocks that triggered as new buys today included - WNC DGI NTI XAY IF HTA,1.0,1.0
Watching GS closely on today's trend-line. Has been leading SPY up AND down.,0.0,0.0
Watchlist for today TTNP SNTA IMM FM OEX DCTH,1.0,1.0
"What would I pay for Gmail.... 1,000 year, 2,000 ? I mean how do you value something so extraordinary ... goog",1.0,0.0
What's larger: Cash on the sidelines waiting for pullback to buy stocks? or Cash on sidelines waiting for an AAP product line refresh?,1.0,1.0
Whatâ€™s EFC on a college-aid letter? What about COA? Hereâ€™s what you need to know. https://t.co/SHFwDkX0e2,1.0,1.0
While market strain triggered by the coronavirus pandemic has eased since the Federal Reserveâ€™s historic interventiâ€¦ https://t.co/AyvldKn33r,0.0,0.0
Whisper expectations for SWHC,1.0,1.0
Wholesale Inflation Eases To 1% in March https://t.co/mWg2yIUX38,0.0,1.0
"Wholesale inflation at 1% in March amid coronavirus crisis, as against 2.26% in previous month",0.0,1.0
Why are more people not talking about this China News??? Big Deal Imo! AAP China intensifies attacks on Apple,0.0,0.0
"With a single tweet Thursday, President Trump accomplished what decades of wars, coups, terrorist attacks and OPECâ€¦ https://t.co/NySXLTP4uU",0.0,0.0
"With thousands of flights grounded, U.S. airlines are burning through cash. Selling miles to their credit-card partâ€¦ https://t.co/i9dDmyJCDF",0.0,0.0
Wk #2 perf 13 Stocks for '13: DDD DNKN FT INVN KOS NKD MOV NTSP AX SCCO SCA SSYS V,1.0,1.0
World's Biggest Lockdown Brings Trucks To A Standstill In India https://t.co/gRHNn3Op4A,0.0,0.0
Worst Day For US Markets Since 1987 As Coronavirus Triggers Recession Fear https://t.co/OnJPa6Pd3k,0.0,0.0
Wow INVN took a beating today...,0.0,1.0
X option trader appears to have put on 9k bearish put spreads in the Jul 20-13 puts against lower open interest in both strikes. Pos. hedge,0.0,0.0
XEC out 1/4 of short +1,0.0,0.0
XF moving with VOME again today and at resistance. Close above 17.20 and I'm grabbing some GS JPM for swing trade.,1.0,1.0
YHOO  Yahoo is a iberal hangout. History shows us that those who love big government always lose out in the end.,0.0,0.0
YHOO is probably done for a couple months ... sideways to down is just reality from here.,0.0,0.0
Yes Bank Stock Set To Close Higher For Fourth Straight Session https://t.co/g68PdWs9PN,1.0,1.0
You know you are doing something right when you are the comparison benchmark. AMZN,1.0,0.0
Z Zillow from watch list over line as a continuation with volume of 40% of average full day,1.0,1.0
ZB taking some off here,1.0,1.0
ZMZ - this looks like a big power move to 24 - doing more research on it now see short intetest,1.0,0.0
ZNGA 3.9 nxt tgt,1.0,1.0
ZNGA Merrill upgraded this on 2/5 - just a retrace to base of breakout say 2.60,0.0,1.0
ZNGA Momentum building to the upside.? On watch.,1.0,1.0
ZNGA When a company beats by 1cents you have to seriously doubt if that is due to accounting tricks,0.0,1.0
ZNGA continuing rally,1.0,1.0
ZNGA is about to take off ! Watch out Shorts ;),1.0,1.0
ZOT Sold at 10.99 the shares I bought Mar 1 for 8.8,1.0,1.0
Zillow has almost doubled this year....so if you are raising money for charity might be smart to hit up user :)  Z,1.0,1.0
aapl symmetrical triangle on 5 min looking for topside breakout,1.0,1.0
"added to CAT, betting she doesn't quite hit the 200ma",1.0,1.0
ak corrected me - PPHM  largest watch list gainer today - though it gapped up big on open,1.0,1.0
anad long 2.61 flag breakout.,1.0,1.0
"ast wave of gaming consoles was released Nov '05 - Nov '06, look at GME price that year and the year after",1.0,1.0
"been talking CSOD, keep your eye on it today",1.0,1.0
bot SYNM .52 bot PEIX .435,1.0,0.0
bought a little MT Domestic Drones are inevitable!,1.0,1.0
bought some C today.,1.0,1.0
"but user thinks the name T4i is a red flag. not sure how that'd impact value proposition. Given source, sounds net bullish NVDA",1.0,1.0
c two daily  bull flags on top of each other=bullish still,1.0,1.0
call vol has tempted me in! :) ONNN,1.0,1.0
coh also got rejected by cloud but still in slight uptrend for past few. buy when it enters cloud,1.0,0.0
ddd nice st/pennant pattern here.  ook for a breakout,1.0,1.0
eality will hit NKD. eiterated as Sell and worth just over 80 per share. PT based on discounted cash flow analysis,0.0,1.0
ecent breakouts in DNKN GMC SBX appear to be the start of a group move. Still forming big cup bases. JVA also on watch.,1.0,1.0
"ed Daily Triangle on CYTX,....Open ong and Short at 3.38",1.0,1.0
"ed Daily Triangle on DVAX,....Net Profit  900.00 (3.78%)",0.0,1.0
"ed Daily Triangle on HEO,.....  pdating ong and Short Position",1.0,1.0
"ed Daily Triangle on HEO,....Cover Short Position,...Net Profit  76,560.00 (7.46%)",1.0,1.0
"ed Daily Triangle on TPM,...... Open ong at 6.40",1.0,1.0
ed Monthly Triangle on CSN closed at 1.46,1.0,1.0
"ed Monthly Triangle on CSN,.....Scaling P",1.0,1.0
"ed Monthly Triangle on CSN,...Scaling P",1.0,1.0
"ed Weekly Triangle on AMS,....Net Profit  26,135.00 (38.40%)",0.0,1.0
"ed Weekly Triangle on CSN,....ong at 6.8815",1.0,1.0
"ed Weekly Triangle on HEK,....Scaling p",1.0,1.0
"ed Weekly Triangle on KWK,.....Scaling p",1.0,1.0
"ed Weekly Triangle on SD,....pdating",1.0,1.0
"egarding , going into KSS WMT TGT TJX OSS you see so many copycat clothing items, reminds me of COX 70+ ----> Sub 1",0.0,1.0
emember when Microsoft was one of the world's most valuable companies and the Gov't conspired to take them down? Apple knows now too. AAP,0.0,0.0
en fuego! FMX EWW #Mexico! #international KO,1.0,1.0
fio bouncing some this morning (25% short interest) Still nothing but air till 17.90s,0.0,0.0
fnsr great intraday look..,1.0,1.0
from watch list HAO slipped over line when I was not watching - volume is 76% of full day ave,1.0,1.0
going to full position in M,1.0,1.0
good stuff for TSA here,1.0,1.0
here is NEW up target for AAP and notice shakeout reading at -8.49 ! and we had buy dot Monday,1.0,1.0
hmmm user: TSA user coming after NYT writer. Elon says vehicle log shows he took long detour.  WOW,1.0,0.0
holding ANA BBY FB GAE HES VSN WCX,1.0,1.0
homes are building - KBH may break over October levels - Over 17.20 or 17.26,1.0,1.0
i'd short AAP right here if I wanted to put more positions on. (455.51),0.0,0.0
i'm amazed that ms is holding up in this tape.  thought for sure once it hit below 22 this morning it would tank.  wrong again.,0.0,1.0
"it started ugly for NFX today, even though you saw higher at open,",0.0,1.0
keep an eye on SBX for possible intraday bottom at support on the daily. ike stock if it can hold,1.0,1.0
like that consol above 455 for aapl. stop is below 454,1.0,0.0
lnkd pulled a nflx topping out so far at 146. day is still young so watch this pull back,1.0,1.0
long AAP 439.5,1.0,1.0
long FS  30 could be late though watch ur stops,1.0,1.0
"look at those last 4 candles on JPM, this thing is coiled so tight it's ready to run again",1.0,1.0
looking for FCX to hold support above 30,1.0,0.0
looks like target is 44.07 HS,0.0,1.0
"looks like the typical sell the news 4 Samsung, waiting 4 user 2 show the lines for S4 O, maybe the big rotation has begun back to AAP",1.0,0.0
markets at the highs of the day. spy  ms still chopping around.  ridiculous.,0.0,1.0
"mentioned it was poised yesterday.  congrats big BE  - IBM p 5%, Near All-Time High  via user IBM",1.0,1.0
my NKD estimate was based on linear extrapolation. Beating my estimates means they are actually accelerating growth,1.0,1.0
nice opening strength for AMZN today.  our long trade working nicely.,1.0,1.0
oh APC....,0.0,0.0
"ong Nike NKE, ange esources C,  h/t Nike user",1.0,1.0
ong setup SM,1.0,1.0
ooking at a 10am revesal on APP. will go back to 2.00 level soon.,1.0,0.0
out of FOS short for now as it tests its 50DMA awesome trade up 4 2 days,0.0,0.0
ove GNW!! 9-13 Calls are making me feel better about myself for not dumping AAP sooner!,1.0,1.0
people slag AAP for cannibalization but samsung has 80 phones and no cult or itunes and IT is the new cool? #Idontthinkso,1.0,0.0
pnra missed this one yest on the short side but will short under 50 sma,0.0,0.0
ridiculous move in nflx.  can't believe it's still going too.  i'm obviously short. x-(,0.0,0.0
seller stepped down to 89.25 in vmw.,0.0,1.0
short MS small,0.0,0.0
short OC starting to work towards 38,0.0,0.0
shorts WG STK SNSS NPSP MM NDC HAO,0.0,0.0
sold my amzn stocks... better be flat ^^,0.0,1.0
solid day with MGM AAP SBX leading the way for me. Out 1/2 MGM and 1/2 AAP (added a little after selling 2/3 in AM),1.0,0.0
"ssys website investor relation page uses morningstar stats to quote mkt cap. MON Statistics are wrong. there r more shares out, way more",0.0,0.0
that's all folks CF #Cliffs Natural #h&S says much lower #beep beep!,0.0,0.0
user AKAM on the radar as a potential short vs 39.30,0.0,0.0
user AMZN holding above the 50dma in a diamond pattern. ooks good for higher prices...imo,1.0,0.0
"user About G, it is in a sidelines mode, that is no a good trend, I am seeing 2.22",0.0,1.0
user Do you have a strategy for setting stop loss on a winning stock?  What about setting at the 10day MA if stock is above FDX?,1.0,1.0
user Do you think the ZOT support level means anything now after the recent news?,1.0,1.0
user EBAY is on the radar for a move out of this new range above 52.26,1.0,1.0
user HSA Good Day?,1.0,1.0
user Krisanti that is why I had mentioned that AAP sent a reminder to NOK,0.0,0.0
user Market esearch Portfolio's ook at BA flying into the wind now~~ More to come!!!! BA,1.0,0.0
"user Market only seemed to care about beating expectations, which were inflated it seems SII",1.0,1.0
user Nice! Color me an INTC bull as well!,1.0,1.0
user On any significant Vol over 11.30 in BAC it's a good Entry IMHO.,1.0,1.0
user ProfitsBoy CST sticking2 buying over 250million in stk there unit cost is 49.90. Also cash flow 200mil. & Costs go down,1.0,1.0
user Prop_Trader user --- you have the January affect of new inflows and new money wasn't going into AAP clearly,0.0,0.0
"user So, What That Mean? for DVAX",1.0,1.0
"user TSO Don't be fooled by one day moves esp. after a large drop, the trend and my stop says I'm still good.",0.0,1.0
user That IFE is going to turn like that TPX just did - if TPX continues red - similar pattern,0.0,0.0
user Where do you see it by the end of next week? NFX,0.0,1.0
user ZNGA I use lagging indicators on lagging stocks ;),0.0,1.0
user brain fart in earlier post. Meant ZAGG not DECK. AAP buying DDD & distrib designs via iTunes #FTW B great 4 ADSK too,1.0,1.0
user catching its breath.  watching DNKN?,1.0,1.0
"user check my post about CSN, it is for you",0.0,1.0
user check out CNN reporters finishing up successful TSA drive from DC to Boston.  Prob have cameras in car,1.0,1.0
user gameplan shot for today but I liked  on trend break from May or c+h break. OC weekly trend break back to july 2011,1.0,0.0
"user iSwing I like AN, FS here.. different sectors but looking good",1.0,1.0
"user scheplick It's easy to short AMZN - buy an iPad Mini, a tax prep book at Borders and some ackspace time.;-)",0.0,0.0
"user we should see again 1.35, and after that my exit 1.43 CSN",1.0,0.0
"user yea, but CSN in just one in my whole portfolio, when you scale, you always can fix the cost and ending with profits",0.0,1.0
user:  AAP still here? Do you you spend the whole day about Apple? yep that how I keep an eye on my Money! and take yours ;),1.0,0.0
"user:  Are they morons? They wait until it goes higher? Same reason ppl not buy AAP  these prices, co strong lots of profit?",1.0,1.0
"user:  I still say AAP  1k before GOOG don't show your ignorance, right now AAP has x 2.85 shares or 1211 equal basis",1.0,0.0
"user:  Somebody explain to me why, AAP has user on its board? Best snake oil salesman in the world went from 2M-500M 10 yrs",1.0,0.0
user: AAP  down .6% premarket . Anyone know where the bottom is ZEO? if it does not stop before that I 'm buying it !,1.0,1.0
user: AAP Apple will call the bottom with a big buy followed by announcements. you are pretending there are adults in charge  AAP,1.0,1.0
user: AAP Did I miss something? Is there an actual reason for this movement? downdraft,1.0,0.0
"user: AAP Does TC look like a B**CH? Then why did you try to short him like one?  Funny, but he sort of does.. IMHO",1.0,0.0
user: AAP Highlighted Major esistance Areas To Watch . .,0.0,0.0
user: AAP If TC announces bringing cash back to S>> Made in SA = ess Profit for Shareholders & Share will drop on anticipation...,0.0,0.0
user: AAP MOVIE. 55% return for the FEA/GEED indicator just 15 trades for the year.  AWESOME.,1.0,0.0
user: AAP Motley fool says apple gets to 1k b4 GOOG on CNBC since AAP has 2.85x more stock it is already over 1200 IMHO,1.0,0.0
user: AAP Not loving that close.  ong weekly 450 calls. 25000 of us praying for the 450 pin close,1.0,0.0
user: AAP Ok... this action makes no sense. >>>> Yes it make Sense : ook  Daily Volume since 3 days ...,0.0,0.0
"user: AAP Pigs Do Fly!! user slags TC for not listening to shareholders, not buying NFX twitter,or  1Bper wk stock!",1.0,1.0
user: AAP Sold because the CNBC dump is coming,0.0,0.0
user: AAP Treadmill stock. Dare I place 440 call? lots of people betting on 450 next friday,1.0,0.0
user: AAP back to 450 i guess for a pin,0.0,0.0
user: AAP eally needs to manage expectations for its next product release... no time machines... rumour .. i-lightsabre!,1.0,0.0
"user: AAP music service is delayed? maybe buying P? waste of money, nothing proprietary it is just an App, no value IMHO",1.0,0.0
user: AAP please tell me how I could explain my wife I lose 51K on the best cie in the world Tx ~share when you figure it out,1.0,0.0
user: AAP recent trip to Thailand...even the taxi drivers have iphones ! ~~ wait till they get into China!,1.0,1.0
"user: AAP, if everyone thinks its going up tomorrow, its going down.. ~ you speak as if humans were in charge.. not SKYNET",1.0,1.0
user: ANF triggering at the 48.70 buy price. Nice 15 min candle. Need to build on this intra-day momentum,1.0,1.0
"user: AQ, GOO. Trading at key support levels, bullish reversal patterns complete.",1.0,0.0
user: BAC 11.97 no longer a problem!,1.0,1.0
user: Buffett  isn't interested in AAP at this valuation? too much profit and dead capital sitting in a bank overseas ;),1.0,1.0
user: Building a position in ZNGA. ooking to add on pullbacks. Can't ignore the volume and the story,1.0,1.0
user: CS reports after the close; big growth expected but may not be enough; more than 50% of biz with AAP,0.0,0.0
user: Commented on: Zynga: eady For eal-Money Games And Improving On The Cost Side  ZNGA // #TENDEVESA,1.0,0.0
user: DOV weekly.  Going higher  - bot into close eod yest unit cost 4.15 see we get a gapper today,1.0,1.0
user: F popping. p over +1.5% this morning. FB putting in a good early run. p almost +2%.,1.0,1.0
user: Fund mgrs are the sellers right now. Have to clear AAP. In downtrend early seller gets  worm. ~should have started in OCT!,1.0,0.0
user: GMC looks like the free money trade for today. Headed to 49+ - so far so good,1.0,1.0
user: GOOG NFX AMZN down - AAP up WTH The great rotation back? to AAP ?,1.0,0.0
user: GS a text book trendline break intraday -,0.0,0.0
user: HEO beautiful flag forming...7 and 10 eventually,1.0,1.0
"user: I've been picking this one for a while, but I'm calling KKD as the next food company to make a DPZ like run in TWENTY13.",1.0,1.0
"user: NBS strong financials, more contracts for Progenitor in pipeline, approval for AM-001 expected, this is the sacred cow of 2013",1.0,0.0
user: NFX ising wedge. Normally bearish. Close below 94 confirms.   >  nice one,0.0,0.0
"user: NFX shorts destroyed, now if AAP beats nicely the market is gonna have an orgasm",1.0,1.0
user: Nice B/O for BMY today. Not a lot of volume though. First pullback to confirm.,1.0,1.0
user: PPHM next year right next year lol that's what they said for the last 15 years. ock them up put ES in jail and be done with,0.0,0.0
user: PPHM why the big drop,0.0,0.0
"user: With egal eserves ow, Bank of America Faces a Big awsuit  >> = Big BS ! BAC",1.0,1.0
user: ZNGA 3 reports that NJ has signed the Online Gaming Bill...,1.0,0.0
user: long a few NFX 100 calls at .27 expire tomorrow out at .40 +48% no need to be greedy with them expiring tomorrow,1.0,1.0
user: user BAC did u buy any?  Yep Full position Now !,1.0,1.0
user: user GOOG how do you know GOOG is going to 700 ? Can you share that reasoning with us? he is a George Castanza,0.0,0.0
"user: user H and IAG are on my shorts list. SA I dont know about>> TY! was looking at Cash flow for H, burning abt 30mm/Q",0.0,1.0
user: user O Stop loss in 41.54 after beating 41.74,1.0,1.0
"user: user really believe this Open will be a fade sold BAC 11.14> Hard to say, should stay above 11.10 IMO",1.0,0.0
user: user: AAP as long as TC  silent this goes down TC is waiting for another check so he can load up user ;),1.0,1.0
"user: user: AAP worried about Apple's breakout volume?it's average, should we be worried? Skynet reaching for the pin 359",1.0,1.0
"user: why curse GOOG by raising target to 1,k? (currentlyAAP is trading at 1200 FYI)    stock price = dick size (or lack of)",1.0,1.0
wait to you see what they do w/schools in 2013 user: The JMBA airport locations are generally packed. Good news user,1.0,0.0
watching CME today for possible breakout,1.0,1.0
we are loving the upside movement on our CAI position today.  great way to start the week!,1.0,1.0
would like to see some long red candles on aapl 2day.  still think it takes out 420 very soon.,0.0,1.0
xray   Over 41.00,1.0,1.0
â€œWe havenâ€™t really seen markets reflect the full extent of the damage that coronavirus is having to corporate profiâ€¦ https://t.co/jTM2Mpi1jr,0.0,0.0
